english,moore
(sand) Dune,Bîis-tânga
(Small) Stone barriers,Ko-koag gânegr pùtâ todsê ne kuga sên na yàl n kok koomâ
(weather) Disturbance,Sa-kùàùùgo
(wind) Direction,Sebgâ sên teesdê
Access,Metewo wâ kibay paoongo
according,sẽn zems ne
across,sẽn pɩʋʋgd
across west africa,Afirik nin-taoorẽ wã
activities,tʋʋma
Activity,Metewo wâ manesem sên tôe n wa ne.
adapt,segl-y y mens ne
adapt climate,n tõog n zems ne toeengã
adapt climate change,n tõog n mao ne toeengã
adaptation,seglgo
adaptation climate,toeengã
adaptation climate change,Bãngr-gomdã
adaptation measures,segls sẽn na n sõng-b tɩ b minimã paase
adaptation mitigation,Bãngr-gomdã
adaptation options,B sẽn tõe n maan to-to n toeemã
adaptation strategies,sẽn na n sõng tɩ b tõog n vɩɩmd to-to
adaptation strategy,seglg sẽn na n sõng-b tɩ b minimã paase
adaptation vulnerability,sẽn na yɩl n tõog n toeemã
adaptation vulnerability contribution,B sẽn tõe n sõng tɩ b tõog n toeemã
adaptations climate change,Bãngr-goama
adapting climate,sẽn na yɩl n tõog n zems ne toeengã
adapting climate change,n tõog n mao ne toeengã
adaptive,sẽn tõe n toeem
adaptive capacity,B sẽn tõe n toeemã
Advice,"Noor reegre, sor ninga d sên segd n tû, saglse"
Afar,"Sên zâre, zî-zâorgê"
Africa,Afirik
africa climate,Afirik tẽnga
africa climate change,Afirik tẽn-gãongã toeeng
africa region,Afirik soolmẽ wã
African,Afirikã
african agriculture,Afirik tẽn-gãongã
african climate,Afirik tẽnga
african climate change,Afirik tẽn-gãongã toeeng
african countries,Afirik tẽnsã
african easterly,Afirik sẽn be yaangã
african easterly jet,Afirikã yaang so-toaka
african monsoon,Afirik moosõ
african rainfall,Afirikã saag
african region,Afirik soolmẽ wã
african sahel,Afirik Sahɛl
african science service,Afirikã bãngrã tʋʋmde
african security review,Afrɩka bãanã vaeesgo
After,Rê poore ; Rê loogr poore
Afternoon,"Zafare, Zaabre"
Agricultural circum-stances,Sabaab wêng sên paam neb wùsg wakat yèng pùgê
agricultural development,tẽn-gãongã yidgr
agricultural forest meteorology,yel-gɛtb sẽn get koodã la weoogã yelle
agricultural land,tẽn-gãongã
agricultural model intercomparison,B sẽn makd koodã to-to wã
agricultural production,koobã wɛɛngẽ
agricultural productivity,koobã la koobã wɛɛngẽ
agricultural research,laog vaeesgo
agricultural sector,tẽn-gãongã
agricultural systems,koobã wɛɛngẽ
agriculture,tẽn-gãongã
agriculture climate,koobã wɛɛngẽ
agriculture climate change,koobã wɛɛngẽ
agriculture food,koobã rɩɩbo
agriculture food security,koobã la rɩɩbã koglg
agriculture organization united,siglg ning sẽn get tẽn-gãongã yellã
Agro meteorology,Manesem nins sên kêed metewo wâ la koobâ tùùm maaneg wèèngê ;
Agro-meteoro- logical station,Zîig sên manege tà masîn dâmba (tùùmd teedo) sên na n tall n maan mag tùùm be be
air temperature,yaam
Airport,A silg yiri
Alert,Râamd maaneg sên na yàlê tà nebâ segl b mens tà metewo wâ sabaab wêng a ye n na n wa
Almost entirely,Sên waoog n yààd fâa ; zîig zânga
along,sẽn zãr
along coast,Kʋɩl-koakã noor
although,baa ne
american meteorological society,Amerik meteorolozi sullã
amount rainfall,Saagrã sẽn yaa toogã
analysis,vaeesgo
Analysis / Forecast inputs,"Bûmb ninga sên tôe n sông tà b reng n bâng saagâ sâ n na waame, tà b bâng sigrâ sên na n sàng sasa ninga, la a sên na n baas wakat ninga"
Animal types,Rûms buud sên wênd taaba la b tôe lagem taaba  n weke
Annual,Yùùmd-yùùmde ; Yùùmd fâa
annual cycle,yʋʋmd fãa
annual mean,yʋʋmdã pʋɩ-sʋka
annual precipitation,Saag-koabg yʋʋmd fãa
annual rainfall,sa-kẽeng sẽn wat yʋʋmd fãa
annual runoff,yʋʋmd fãa
annual temperature,yʋʋmd fãa tʋʋlgo
anomalies,sẽn pa zemse
Anomaly,"Sên paooge, sên pa wênd taaba"
answer,leokre
anthropogenic,sẽn yit ninsaal nengẽ
anthropogenic emissions,yaa ninsaal n yiisd bõn-wẽnsã
appear,sẽn na n wa
applicable creative,B sẽn tõe n maan to-to
applied,b sẽn dɩk n maan
approach,sẽn kolgd-a
apr may,tʋʋlg kiuug
apr may jun,sigr kiuug sigr kiuug
April,Tùùl-nif kiuugu (tùùlgâ yaa wùsg sasa kânga)
Archives,Tùùmâ kibay sèb-kùd bîngri
Area,"Zîiga, Baobgo"
Area of turbulence,Sàlg sên toe n miim zîigê
"Area, domain","Departema, (yaa kadeng tà prefè la taoor soaba)"
arid semiarid,tẽn-koom sẽn yaa kʋɩl-koom
around,sẽn kolg
Arpege (NWP model),Fârens têngê wâ metewo wâ bôn- makdg tùùm teoogo
Arranged,Sên maneg n gâneg tà zemse
articles governed applicable,Bõn-tʋʋm nins b sẽn get tɩ zemsã
asia north,Azi rɩtgã
asia north africa,Azi Afirik rɩtgo
aspect,yel-bũndã
"Assemble, gather","N tigmi, n koole"
assess,ges-y
assessing security implications,B sẽn tõe n maan to-to n kogl b mens to-to
assessment,vaeesgo
assessment climate change,Bãngr-goama
assessment report,Bãngr-gomdã
assessment report intergovernmental,Gʋls-y-yã
assessment tool swat,Swatã yaa tʋʋm-teoog sẽn na yɩl n bãnge
Association,Gurupma
Atlantic,Atlantikã
atlantic ocean,Atlantik mogrã
atlantic oscillation,Atlantik wobrã
atmos chem phys,atmosphère chimie physique
Atmosphere,Gaas buud sên gûbg têngâ
atmospheric,sẽn kẽed ne saasã
atmospheric circulation,Vʋʋsmã sẽn kẽed tẽngã pʋgẽ wã
attribute,tags-kãnga
aug sep,sigr kiuug
aug sep oct,sigr kiuug rasem
August,Sa-sik kiuugu
august september,sigr kiuug
Authority,Têng taoor soaba ; Noor ràkr taoor soaba
Autumn,Sasa buud sên be tùùlgâ ne waoodâ sùka (bôn-bàùùng kiuug ne zî-likr kiuugâ sùka) tà tààsâ vâad sùùgd sasa kâng têms kêer pùgê
availability,sẽn tõe n paam-b to-to
available,sẽn be
Average,"Tâng sên ya bedre
Tân-bedre"
average annual,yʋʋmdã fãa pʋɩɩr
Average growth period,"Bôn-koodr sên dàkd wakat sên pa bilfu, bà sên pa wok n bà ye"
average rainfall,Saag sẽn yaa pʋɩ-sʋka
Axis,Ween-vààs a 4 sên tees zîig ning wilgri
Backwater,Saag niib sên naag ne sa-tâs la yâgbo
Balanced,Sên lengd zîis a yiibu
Band of clouds,"Sawat sên kênda, Sawat kênde"
Barometer,Pemsem ninga sên gilga têngâ (atmosfèèrâ)zàslem magb teoogo (tûuda ne magbâ sên na n maan zîig ninga)
baseline,baseline
baseline climate,Vɩɩmã sẽn yaa toogã
baseline period,baseline periodã
basin,basã
basin west,ko-pʋʋgã yaanga
basin west africa,Afirik nin-taoorã
basis contribution,yaood ning b sẽn yãkd n kõtẽ wã
basis contribution working,tʋʋm-noor sẽn na n yɩll n sõng
Before,"Reng taoore, pînda"
behavior,yel-manesem
benefit,nafre
better,sẽn yaa sõma
Bi-annual (six- monthly),Bôn-buudu
bia,bia
bias correction,Zems-n-taar remsgo
Binoculars,Yaa teoog sên sôngd tà b tôe n tall n ges yààga
biodiversity,Biodivɛrsite
Birds,Liuuli
Boundary,Sawat sên pùgd taaba n wat ne sebd la sa- ko-bèda
boundary conditions,soog-n-meng yɛl
Bowl,"Laoko, zî- longo"
"Bowl, container",Koom ningr zîig sên me
box,zĩiga
Breach,"Yalsgo, bôn-koèèng kaoobo"
breed,buud
Bridge,Pô râmba
Broken bridge,"Pô sên kao, sor zug gaodg sên kao"
bulletin meteo,koe-moonegã koe-zug
burkina,burkina
burkina faso,Burkina Faso
burkina faso hinari,Burkina Faso Hinari
Bush fire,We-yôorâ
calibration validation,vɛɛsg vɛɛsg vɛɛsg
cambridge,kambridg
cambridge united kingdom,"Kembridg, Bertayn soolmẽ wã"
cambridge university,Cambridge inivɛrsite
cambridge university press,Cambridge University Press
cape,kapã
Caption,Kaorengo (sêntôe n karem sên gùlse)
carbon,karbõ
carbon dioxide,karbõn dioksɛtã
carbon sequestration,karbõ wã yõogrã
case studies,B sẽn maan to-to wã
case study,Makr zãmsg
Cash crop,Koob sên ya koosem yînga
"Casualties, victims","Bûmb a yembre, sên wênd taaba, sên zem taaba"
catchment,koglg
Caterpillar,Zûnzûuri
central,sẽn be yaangã
central africa,Afrɩk tẽn-sʋkã
cereal root tuber,grape root tuber
change,toeengã
change adaptation,toeengã tɩɩm
change adaptation mitigation,toeengã sẽn wat ne toeengã
change africa,toeema afirik
change agricultural,yel-gɛtbã
change agriculture,toeeng tẽn-gãongã
change agriculture food,toeeng tẽn-gãongã rɩɩbo
change agroecosystems,toeema agro-kɩremsã
change cambridge,Toeeng Kembridg
change cambridge university,Cambridge inivɛrsite
change climate,toeengã
change climate change,toeengã toeengã
change climate variability,toeengã sẽn wat ne toeengã
change food,Fo na n toeema rɩɩbo
change food security,toeema rɩɩb koglg wɛɛngẽ
change global,toeeng dũniyã gill zugu
change impact,toeengã pãn-tusdg
change impacts,toeengã pãn-tusdg
change impacts adaptation,toeengã sẽn wat ne toeengã
change impacts kenyas,toeeng sẽn kẽed ne kenya
change ipcc,n change ipcc
change mitigation,toeengã boogre
change physical,Yãk-y n tool-y neda
change physical science,toeema fiziksã
change scenarios,yel-bũndã toeengã
change signal,toeengã bãnd
change variability,toeengã sẽn yaa toogã
change water,toeemd koomã
change water resources,toeema kooma
change west,so-n-soaba
change west africa,toeeng Afirik nin-taoorã
changes,toeengã
changes climate,toeengã
changes precipitation,toeema saagã
changes rainfall,Saagã toeeng
changes temperature,Teerampɛɛrã toeeng
changing climate,toeengã sẽn toeemd zĩig ningã
Characteristic,"Toor zalle, bud toore"
Chart,"bon- naand sên kôt kibay saagâ niib wèèngê, zîigâ tùùlem wèèngê… bà… (makre : Burkîna Faso)"
circulation,sẽn kẽed ne ligdã
circulation models,seb-vãoog modɛl dãmba
Clear (sky),"Sawat sên ka be, sagân sên pa tar sawato"
Climate,Sasa magb wakat wok pùgê (yùùm 30)
climate adaptation,yam-yãkrã wɛɛngẽ
climate change,toeengã
climate change adaptation,Bãngr-gomdã
climate change adapted,sẽn zemsd ne toeengã
climate change africa,Afirik tẽn-gãongã toeengã
climate change agricultural,yel-gɛtbã
climate change agriculture,tẽn-gãongã toeeng wɛɛngẽ
climate change agroecosystems,yel-gɛtb sẽn kẽed ne koobã toeeng wɛɛngẽ
climate change cambridge,toeengã la pemsmã Cambridge
climate change climate,toeengã toeengã
climate change crop,Bõn-buud sẽn wat ne toeengã
climate change effects,Vɩɩmã toeeng sẽn wat ne zu-loeesã
climate change food,rɩɩb sẽn kẽed ne toeengã wɛɛngẽ
climate change global,toeengã sẽn yaa to-to dũniyã gill zugu
climate change impact,Vɩɩmã toeeng sẽn wat ne zu-loeesã
climate change impacts,Vɩɩmã toeeng sẽn wat ne zu-loeesã
climate change ipcc,yel-maandgã toeeng IPCC
climate change likely,toeengã sẽn tõe n wa ne
climate change maize,Klimatã toeeng sẽn wat ne kʋrã
climate change may,Vɩɩmã toeeng tõe n
climate change physical,toeengã sẽn yaa toogã
climate change projections,Bãngr-gomd sẽn wilgd tɩ toeengã na n waame
climate change research,Vẽenemã toeeng vaeesgo
climate change scenario,yam-vɩɩmã toeeng yɛlã
climate change scenarios,yel-manesem sẽn kẽed ne toeengã wɛɛngẽ
climate change signal,siglg sẽn wilgd tɩ zĩigã toeema
climate change variability,Vɩɩmã toeeng sẽn yaa to-to
climate change water,koomã sẽn wat ne toeengã
climate change west,toeengã sẽn watã
climate changes,toeengã
climate conditions,zĩ-gãaga
climate data,Sɩngr-n-basã
Climate dependant,Bâag bà tùùmd maaneg sên tûud ne sasa wâ yalê
climate dynamics,Vʋʋsmã sẽn yaa to-to
climate extremes,Vẽenem sẽn yaa toogã
Climate forecast,N tik yùùm sên loog kibayâ n wilg bûmb ninga sên tôe n wa
climate impact,Vẽenemã sẽn wat ne bũmb ninsã
climate impacts,yel-wẽns sẽn tõe n wa ne
climate information,Kibay sẽn tɩ loe ne toeengo
climate model,Vẽenemã makrã
climate models,yam-vɩɩga
climate policy,yel-gɛtbã
climate research,Vẽenemã vaeesgo
climate scenario,yel-manesem sẽn kẽed ne klim
climate scenarios,Vʋʋsmã yɛl sẽn tõe n yɩ to-to
climate simulations,Vẽenemã makrã
climate system,yel-gɛtã
climate trends,yam-yãkrã
climate variability,yam-vɩɩmã sẽn yaa to-to wã
climate variability change,Vɩɩmã sẽn yaa to-to wã toeeng
climate variability climate,yam-vɩɩga yam-vɩɩga
climate variability crop,Bõn-bɩʋʋng sẽn tar toeengã
climate variables,Vɩɩmã sẽn yaa to-to
climatic,sẽn tɩ loe ne toeengã
climatic change,toeengã
climatic changes,toeengã
climatic conditions,zĩ-gãaga
climatic variability,yel-maandgã sẽn yaa to-to
climatic variables,yel-maandɩ sẽn yaa to-to
climatic zones,zĩn-dãmbã
close,sẽn kolg
Cloud mass,"Sawat sên tigim taaba
; Sawad taoko"
Cloud system,"N gâdg n looge, n yàk n gâdg n looge"
Cloudy to overcast,Sawadg sên tolg n lud saagâ zânga bà sên bas vààd kêer tà b tôe n yând saagâ
coast,mogrã noore
coastal,sẽn be mogrã noore
Coasts,Mogrâ kàremse
cocoa output,kakao yiisg
cocoa production,kakao koodã
Cold,Zî-maare
Cold season,Sayèlê têngâ neda
Collaboration,"Wùm-taaba, zems- taaba"
Colours,Kôbgo
commons license,sɛb nins b sẽn boond tɩ commons
communities,tigimsã
community,zãma wã
Compared to,Sên mak n mag ne…
comparison,makrã
Compass,Tùùm-teoog sên wilgd zîiga
concrete structure,Koom pàùùgr zîigê sên maneg n me ne sima nebâ tûub yînga
conditions,yɛlã
considered,b sẽn getã
consumption,rɩkrã
contain,sẽn na n zĩnd a pʋgẽ
context,vẽnegr
contribution working,tʋʋm-noor sõngre
contribution working group,Tʋʋm sull sẽn get ligdã kũun yelle
convergence zone,Zĩ-lillgã
Cool,maasga
Coolness,Sên yaa maasga
Cooperatives,"Zê-koaadb sulli, zê- koaadb gurupmâ"
copyright royal meteorological,Copyright Royal Meteorologicalã
cote divoire,Côte d'Ivoire
countries west,tẽns sẽn be yaanga
countries west africa,Afirikdugrã tẽns
Country,Tênga
coupled model,sẽn lagem ne taab
cover,baoor
Craftsmen,Nug tùmtùmda
creative commons,Creative commons
creative commons attribution,Creative commons pʋɩɩrã
creative commons license,Creative commons lisãnsã
crop,koodã
crop diversification,koodã toɛy-toɛyã
crop failure,koodã pa womd sõma ye
crop growth,koodã bɩʋʋng
crop management,koodã zãabo
crop model,koodã makre
crop models,koodã makrã
crop production,koobã
crop productivity,koodã womd
crop varieties,Kẽeng buud toor-toor
crop yield,koodã sẽn womdã
crop yields,koodã sẽn womdã
cropping systems,koobã wɛɛngẽ
crops,koodã
crops research,Bãngr-goam sẽn tɩ loe ne koodã
current climate,Na-kẽndre
cycle,siglg
Daily,Beoog-beoog fâa
daily precipitation,Yao-rɩt daar fãa
daily rainfall,Saag daar fãa
Dam,Baraase ; Koom gàdgr zîig sên me
Damage,"Sâoongo, sâanga"
data,kɩbayã
data available,Sebr ning sẽn be wã
data collected,Kibay nins b sẽn tigimã
data set,Gãrãnd Bertayn
data sets,Sebr ning sẽn be seb-kãngã pʋgẽ
dataset,datasetã
date,daarã
days,rasem
Daytime,Daar a ye (yaa wakat ninga sên sàngd yibeoog wîndg pukri n tà tâag zaabr wîndg kôom)
De-forestation,coupe abusive des arbres
Decade,Yùùm piig pùgê
December,"Yùùm-sar kiuugu, kiuug 12 soaba"
decision making,B sẽn yãkd b sẽn na n maan bũmb ningã
Decline,Boogre
decrease,boogre
decrease rainfall,sa-kẽengã na n boogame
Deficit,"Sê n ka be, sên pa seke, sên paooge"
degradation food,rɩɩb sẽn sãamd
Degree,Tùùlg bà waood magb teoogo
Dense,"Kâgre, tààsâ la moodâ waooga zîigâ pùgê"
Dense forest,Kâgre
density,yalgr sẽn yaa kãsenga
Department,Ki
description,bilgr
Desert,"Zî-koèènga, bîisr zîiga, tààs la mood sên kaê"
desertification land,weoogã sẽn lebg weoogã
detail,yel-bũndi
detect,yã
developing countries,Tẽns nins sẽn pa tar bɩʋʋngã
development,yidgrã
Dew,Meenem
DGM now ANAM (National Agency for Civil Aviation and Met),Dezeyèm (DGM) : Meteworolozi wâ Dirèksô zeneralle – Tùùm-noor kaseng ninga sên get sasa wâ yalê la a magb yelle
Difference,bakr ning sên be ne sên da segd n yà wâ sùka
Disaster,"Sabaab wêng sên tiig n wa, n sâamd teed wùsgo"
disaster risk,yel-beed yelle
distribution,pʋɩ-pʋɩ
district,wilaya
divers,sẽn kẽed ne koomã
document,sebre
domain,zĩiga
Downstream,"Sên be poorê, têngre, baasgê"
drought,ko-waoogo
drought heat,ko-waoogo
drought heat tolerance,kooma tʋʋlgo
drought tolerance,sa-kẽengã tõogre
droughts,ko-waoosã
dry,kʋɩlg
dry conditions,Yɛl sẽn yaa wa kʋɩlse
dry days,kiis sẽn pa koome
Dry period,Bôn-bàùùng kiuugu (yùùmd pùgê kiuug a 9 soaba)
Dry season,Sêoog sasa
dry spell,ko-kẽengã
dry spells,ko-kẽengã
dry years,Saag yʋʋmde
due,sẽn tog n wa
due climate,zĩig ning sẽn zemsã
due climate change,sababã yaa toeengã sẽn wat ne toeengã
Duration,Saaga niib yalsg rasem a wân pùgê
During,"Wakat kânga, sasa kânga"
Dust,Wubsgu
Early arrival (season),Sêoogâ tiig n sàngame
Early drying up,Sawatâ fâa sên naag taaba
Early end (to the season),Teed buud toor-toor koosg ne a wilgr ra- kasenga
Early start,Début avant le début normal
early warning,Bãngr-goama
early warning systems,Vẽk-n-vẽk siglgã
earth system,Tẽngã siglg
Earthing up,Koob tùùm manesem sên kàt tà gaad tândâ n ning bôn-yitg yêgne
Earthquake,N ning nansaar tàt koobâ tùùm pùgê
East,"Yaanga, ni-taoore"
east africa,Afirik yaanga
east african,Afirik yaanga
east region,yaang soolmẽ
easterly jet,Zĩig ning sẽn be yaangã
eastern,yaang
eastern africa,Afirik yaanga
Eclipse,"Yûug-tar-kiuugu, Yûug-yôk-kiuugu"
ecological,sẽn kẽed ne rũmsã vɩɩm
economic development,laogã yidgr
economic growth,laogã bɩʋʋng
ecosystem,ãkosistemã
ecosystem services,yel-gɛtã tʋʋmde
ecosystembased adaptation,Vɩɩmã sẽn tik ekosistɛmã pʋgẽ
ecosystems,sẽn kẽed ne bũmb nins sẽn be tẽngã pʋgẽ wã
eds cambridge university,Eds Cambridge inivɛrsite
eds climate change,eds yel-maandgã toeeng
effect,pãn-tusdg
effect climate,sẽn tõe n wa ne toeengã
effect climate change,Vʋʋsmã toeeng sẽn wat ne zu-loeesã
effects,sẽn tõe n wa ne
effects climate,Yel-beed sẽn tõe n wa ne
effects climate change,Vʋʋsmã toeeng sẽn wat ne zu-loeesã
effects climate variability,yel-manesem sẽn tõe n wa ne toeengã
effort,modgre
element,yel-bũndã
Elevation,Zîig zândlem sên ya to-to ne mogrâ
Embankment,Koak sên maane sên na yàl n kok baraase bà kùàlg koom
Emergency services,Bâng-kâag ned sên tar bûmb zugu
emission scenarios,Vẽenemã yel-manesem
emissions,b sẽn yiisdã
Enclosure,"Zîig sên gûbgi
goarga"
End,Sên zems pùsùkâ
end century,yʋʋm kob-gĩnd saabã
End of season,Tààsâ puud ningr wakato
Endangered species,Ninsaal tùùm manesem bà yèl a taab manesem sên tôe n wa ne bôn-vààlà buud kêer menesgo
energy,pãng
ensemble mean,sẽn naag taab fãa
environ,sẽn kolg
environ res lett,environ res lett
environment,sẽn kẽed ne koobã
environmental,sẽn kẽed ne koobã
environmental change,Yɛl nins sẽn toeemd zĩigã
environmental conditions,Yɛl nins sẽn be zĩigã
Equator,Yaa rulg nebâ sên naan b yamê t’a welgd (pùàt) têngâ zîis a yiibu
equatorial atlantic,Atlantika sẽn be ekwatɛɛrã
Equivalent,"Bûmb sômblem bà a waooglem/neerêm sên zem taaba, sên ya a
yeyn , sên leb taaba, sên wên taaba"
Erosion,"Tên-gâongâ yerb sên tûud ne sebdâ, koomâ bà sa-pilmâ manesem"
especially,sẽn yɩɩd fãa
essential,yaa tɩlae
Estimation,"Magbo, geelgo"
europe,Erop
european,Erop
Evaporation,"Koom fêbgre, koom yôbgre"
even,baa ne
Event,Yell kaseng sên zînd bà sên maane tà b pa tôe n yîm a yell ye
events,yel-maandɩ
evidence,kasetã
evolution,yalg n paase
example,Makre
Excess rainfall,Saagâ koom waooglem zùùga b sên da têed paoongo
expected increase,paasg sẽn gũudẽ
Expert,Bâng-kâag soaba
explain,wilg
Explanation,"N wa ne vêenem, n bilg tà b wùm a vôore"
exposure,sẽn kẽed ne
Extreme,"Bûmb tèka, n kù zùùre, pâng sên yààd bà sên pa ta"
extreme events,yel-beed sẽn pa tõe n bãng n bilg
extreme rainfall,Sa-kẽeng sẽn yaa kãsenga
Extreme temperatures,Tùùm-mita bûmb a ye zugu
extreme weather,weerã sẽn yaa toogã
extreme weather events,yel-beed sẽn yaa toogã
face,nengã
factors,yel-gɛtbã
Fair,Teed buud toor-toor koosg ne a wilgr ra- kasenga
Fall (water),Yèl nins sên be têng naand tir zug vôor wilgri
fao,fao
Far,"Zîig takà, babgo, galê tên-bila bà tên- kàrenga"
farm,Farmã
farm households,zags nins sẽn be pʋ-peelmẽ wã
Farmer,Ka-koaada
Farmers,Ka-koaadba
farmers perceptions,koaadbã sẽn tagsd to-to
farmers perceptions climate,ko-koaadbã sẽn tagsd to-to
farming,koobã wɛɛngẽ
Farming confederation,Koaadb gurupma
farming systems,koobã wɛɛngẽ
features,yel-manesem
feb mar,Febr mar
feb mar apr,tʋʋl-nif mars tʋʋlg
February,"Wao-fugdg kiuugu, yùùmdâ pùgê kiuug a 2 soaba"
fertility,rogem wɛɛngẽ
fertility management,rogem koglg wɛɛngẽ
Fertilizer,"Birga, pôosgo"
Few (amount of cloud),"Sawat beeme la pa waoog ye , sagân sên pa tar sawat wùsgo"
field crops,pʋtẽ wã
field crops res,pʋtẽ wã
field crops research,Bãngr-goam nins b sẽn maan kaorengã wɛɛngẽ
fifth assessment report,Kibar a nu soabã
Figure,Koom sên zoet n dabd mogrâ wâ bà kùàlg ato pùgê
figure mean,sõor sẽn zemsã
first,pipi
Fishermen,Zîm-yêeda
Fishery resources,Sû-tôogo (yaa tôog ninga ned sên tar tà baa yel-lingdim sâ n wa bà a tôee a menga)
Flaw,"Bûmb sên pa zemse, sên paooge, sên pa pidi"
Flight,Sàlg sên  kênd toto yîngri
Flood,Koomâ sên sudgd n dùùgdê
Flood prone areas,Koom sên yalsd zîis nins n kaoosdê ;
Floodlike rain,Sa-bèd sên niid n kaoosdê
Floodwater subsiding,Koomâ zândlem boogre
flow,koobgã
Fog,Wulgu
food,rɩɩbo
food agriculture,rɩɩbã la koobã
food agriculture organization,rɩɩbã la koobã siglg
food crops,rɩɩb koodse
food insecurity,rɩɩb sẽn pa be yõodo
food policy,rɩɩb politikã
food policy research,rɩɩb politikã vaeesgo
Food preservation,"Rààbâ bîngri, rààbâ koglgo"
food production,rɩɩb maaneg wɛɛngẽ
food security,rɩɩbã koglg wɛɛngẽ
forcing,sẽn na yɩl n modg-ba
Forecast,N pînd wilg bûmb ninga sên tôe n wa
Forecasters,Ned ninga sên pînd n wilgd wakatâ sên na n yà a soaba
forest,weoogã
forest management,weoogã zãabo
forests,weoogã
format,formã
Foundations,"Yêbgre ; sàngre, viuglg zîigâ, tilgri"
four,a naase
fourth assessment,Bãngr-gomd a naas soaba
fourth assessment report,Bãngr-gomd a naas soabã
framework,ramba
Friday,Arzûma (semend a rasem a 5 soaba)
Frog,"Pondre, loanga"
Full moon,Ki-pèèlga sasa
furthermore,sẽn paase
future,sẽn watã
future changes,Toeeng sẽn watã
future climate,beoog-daar zĩma
future climate change,Na n wa kɩtame tɩ zĩigã toeeme
future climate scenarios,B sẽn na n maan to-to beoog-daarã
gap,yeebre
gas emissions,Gasã emisie
gender,pag bɩ rao
general circulation,zãma wã fãa
general circulation model,B sẽn boond tɩ general circulation model
general circulation models,b sẽn na n maan to-to n kɩt tɩ b yiis-a
generally,sẽn yaa to-to fãa
genetic,zʋʋg-n-meng
geography,tẽn-gãongã
geophys res,geophys res
geophysical research,Geofizik vaeesgo
geophysical research letters,Geophysical Research Letters (Geofizikã vaeesg sɛb)
ghana,ghana
ghana burkina faso,ghana burkina Faso
GHG,GHG
ghg emissions,GHg emisã
given,sẽn kõ
global,dũniyã gill zugu
global change,dũni gill toeengã
global change biology,dũni gill toeengã biolozi
global climate,dũniyã zĩig fãa
global climate change,dũni gill zĩm-gãaga toeeng
global climate models,dũni gill yam-vɩɩmã makrã
global environmental,ãndũni gill ninsabls tẽnsa
global environmental change,dũni gill yɛl sẽn wat ne toeengã
global regional,ãndũniyã gill zugu
global warming,Dũniyã sẽn na n yɩ to-to
goal,bõn-datl
good,yaa sõma
Government,Gofneema (yaa neb ninsa sên tar tôog n tôe n zâ têngâ)
GPS,Gepeyèse (GPS) : yaa tùùmd teoog (masîni) sên sôngd tà b bâng bûmb bà ned sên bee zîig ninga
grain yield,koodã sẽn womdã
grain yields,koodã sẽn womdã
Grass,Bôn-yitg sên pa tar raoog ye (moodo)
Grass border,Mood selb pùtâ todsê wâ sên na yàlê n kok koomâ la n kogl-b ne sebdâ la ne rûmsâ
green,vɛɛre
Greenery,Bôn-yitsâ buud ne moodâ buud fâa sên naag taaba
greenhouse,ro-vɩɩga
greenhouse gas,gasã de serã
greenhouse gas emissions,Bãngr-gomdã
greenhouse gases,gas-rãmb sẽn tõe n wa ne yõodo
Ground,Koodâ sên ya to-to
Ground cover,Zîig a ye pùgê mood la tààse sên naag taaba
Ground water,Tên-gâongâ têngr koom
Groundwater,Ràkda saasâ koom fâa milimetre sên koke n naag taaba n yaool n pùà ne saasâ niib sôore
groundwater level,tẽng zug koomã
groundwater recharge,Zĩ-gɩtgã
Group,Sulli
group fourth assessment,sull a naas soabã vaeesgo
growing season,yaa wakat ning b sẽn tar-a
growth,bɩʋʋng
Growth period,Wakat ninga bôn- koodr sên dàkd n bà ; bôn-koodr bàùùng wakato
Guides,Neb sên  lùàt  taoor n wilgd sore
guinea coast,Guinée ko-kãsengã
guinean coast,Guinée ko-kãsengã
gulf guinea,Guinée mogrã
Hail,Sapàlemde
Half-day,Metre : Woglem magb bil-tikdga
handbook climate,seb-bilã
handbook climate change,seb-bil sẽn gomd klimatã toeeng yelle
Harmattan,Waood wakat sebgo sên  fugd n tûud ne wubsgu (a sàngda fugb sàpaolg kiuugu n tà tâag wao-fugdg kiuugu)
Harvest,Tààs selbo
health,laafɩ
Heat,Zîig sên wànge
heat stress,tʋʋl-tʋʋlg
heat tolerance,tʋʋl-tʋʋlgo
heavy rainfall,Sa-kãseng sẽn yaa wʋsgo
Hemisphere,Rasem a yopopoe fâa
Herbaceous,Ândûni wâ boak a ye (Goabg bà Ràtgo)
"Herd, flock","Têms nins sasa sên ya tùùlgo (Burkîna, Nizèère, sayèlle)"
high confidence,bas-yard sẽn yaa kãsenga
high rainfall,Saag wʋsg
high temperature,tʋʋl-kãseng
higher,sẽn yɩɩd woto
highest,sẽn yɩɩd fãa
highly,hal wʋsgo
Hills,"Tâm-puusi, Tâmse"
historical,kʋdemdã
historical climate,zĩ-gãaga
historical period,kibayã wakat
history,kʋdemdã
Horizon,"Lèère (lèèr a ye = mn 60), wakat a ye = mn 60"
Host,Sôasgâ taoor soaba
Hour,Moodo
household,zak pʋgẽ
human,ninsaal
human activities,ninsaal tʋʋma
human security,ninsaal bãan
human systems,ninsaal sigls
Humidity,Silg bà batayo pùgê pems-lèèga (fenetre)
Humidity difference,Maasrâ (bùgsmâ) toaag ne sên da segd n yà
Hurricane (tropical cyclone),Sa-ko-bèd sên naag ne seb-bèda sên sàngd mogrê wâ n sâamd bûmb ning fâa a sên segde
Hydraulic building,Meeb buud sên na n sông koomâ zâab wèèngê
Hydroelectric dam,Zîig sên beê magb ne Ekoatèèrâ (Equateur)
hydrological,sẽn tɩ loe ne koomã
hydrological cycle,ko-kẽengã
hydrological model,"hydrological model, makr sẽn wilgd koomã sẽn yaa toogã"
hydrological models,makr sẽn wilgd koomã sẽn yaa to-to
hydrological sciences journal,seb-vãoog sẽn gomd koomã yɛl yelle
hydrology,Hydrologie
Hygrometer,Bùgsem pâng (ko- walmâ) sên yala pemsmâ pùgê
Impact,Radaare : sawat bà sa- koom fot râmba b sên yôk ne tùùm-teoog b sên boond tà radaare
impact climate,Vɩɩmã sẽn tõe n wa ne zu-loeesã
impact climate change,B sẽn na n maan to-to ne toeengã
impact climate variability,Vɩɩmã sẽn tõe n toeem to-to wã
impact studies,B sẽn maan vaeesg to-to
impacts,yel-pakr
impacts adaptation,sẽn na n wa ne zu-loeesã
impacts adaptation vulnerability,yel-beedã sẽn tõe n wa ne yell ningã
impacts climate,sẽn na n wa ne yɛl toɛy-toɛy
impacts climate change,Vʋʋsmã toeeng sẽn wat ne zu-loeesã
impacts climate variability,sẽn tõe n kɩt tɩ zĩigã toeem to-to
impacts global,D sẽn tõe n maan to-to dũniyã gill zugu
impacts kenyas agricultural,sẽn kẽed ne Kenya wã
imperial college press,Imperial College pressã
implications climate,sẽn na n wa ne toeengã
implications climate change,B sẽn na n maan to-to n tõog n welg yellã
important,sẽn tar yõod wʋsgo
important role,tʋʋmd sẽn tar yõod wʋsgo
improve,paas-y y meng
improvement project agmip,tʋʋm-noor sẽn na n sõng tɩ b maneg b teedã
In between,"Sùka, sên be Sùka"
In deficit,"Sên paooge bilfu, sên pa seke, sên pa tao, sên pa kolg weoogo"
In places,Zîig-zîiga
including,sẽn naag ne
income,ligdã
increase,paasgo
increase precipitation,saagã paasgo
increase rainfall,saagã sẽn tar paasgo
increase temperature,Wɩngr n paasdẽ
increased,paasame
increasing trend,Sẽn na n paas-a
index,vɛɛsg
indian ocean,ko-kãseng ning sẽn boond tɩ Océan Indien
indicator,vẽnegr
indicators,bãn-vɩʋʋgã
industrial,tʋʋma
Industry,Tààsâ waooglem bângr geelgo
Infiltration,Tààsâ waooglem bângr geelgo
influences,pãn-tusdse
Information,Kibare
infrastructure,siglg sẽn yaa sõma
innovation,b sẽn na n maan bũmb ninsã
input data,Sẽn kẽed ne bãngrã
Insects,"Bôn-yàgdse (sùyâ, yêsâ )"
Instability,Sên payas zî-yende
institute security studies,sull sẽn get bãan yell zãmsg yelle
Instruments enclosure,Zîig ninga b sên vigl metewo wâ tùùm- teedo
int environ res,intã environã
Intensification (rain),Zârem nenem boogre
Intensity,Saag koom waooglem sên dùùg wakat ninga pùgê
inter annual,yʋʋmdã fãa
Inter tropical front,Zîig ninga waoodâ sebg ne sêoogâ sebg sên segd taaba
interannual variability,sẽn tõe n wa ne toeeng yʋʋmd fãa pʋgẽ
interannual variability rainfall,Sa-kẽengã sẽn yaa to-to wã
intercomparison improvement project,tʋʋm-noor sẽn na n sõng tɩ b tõog n mak taab sõma
intergovernmental panel,goosneema-rãmb sʋkã sull
intergovernmental panel climate,goosneema-rãmb sẽn naag taab n get toeengã yelle
international development,tẽn-zẽmsã yidgr
international food,tẽn-zẽms rɩɩbo
international food policy,tẽn-tẽns rɩɩb politikã
international journal,Zʋrnall sẽn yaa dũniyã gill sebre
international journal climatology,zʋrnall sẽn gomd klima yelle
intertropical convergence zone,tẽn-kɩremsã sẽn kẽed ne tẽn-kɩremsã
Intervention,Noy ràkr sên na yàl n gàdg bûmb maanego
intraseasonal variability,sẽn kẽed ne tigr-n-taaga
Invisibility,Nin sên pa tôe n yânde
ipcc climate,IPCC klim
ipcc climate change,IPCC sẽn get yam-yãkrã toeeng yelle
Irrigation,kêes koom zîig pùgê
irrigation water,koom sẽn na yɩl n koose
Isolated outbreaks of rain/thunder,"Sên bîng toore, bûmb b sên yâk n bîngi"
itf latitude,itf latitudeã
ivory coast,Côte d'Ivoire
jan feb,jan feb yaa
jan feb mar,jan feb marã
January,Yùùm-vêkr kiuugu (yaa yùùmdâ pipi kiuugu)
john wiley sons,A John Wiley ne a kambã
journal arid environments,Zĩig sẽn yaa kʋɩl-kʋɩlã
journal climate,zʋrnall sẽn gomd klima yelle
journal climatology,zʋrnall sẽn gomd klima yelle
journal geophysical,Zʋrnall sẽn gomd tẽngã la tẽngã yɛl yelle
journal geophysical research,seb-vãoog sẽn gomd tẽn-gãongã yɛl yelle
journal hydrology,Zʋrnall sẽn gomd koomã yɛl yelle
jul aug,zĩ-likr kiuug
jul aug sep,sigr kiuug sigr kiuug
July,Sêoog kiuugu ( yùùmd pùgê kiuug a yopoe soaba)
july august,sigr kiuug sigr kiuug
july august september,juillet août septembre
jun jul,sig-noy
jun jul aug,sigr kiuug sigr kiuug
June,Sigr kiuugu (yùùmd pùgê kiuug a yoob soaba)
june july,sigr kiuug sigr kiuug
june july august,sigr kiuug sigr kiuug sigr kiuug
june september,sigr kiuug
keywords climate change,gom-biis sẽn yaa-bã:
Km/hr,Kilometr sôor lèèr a ye pùgê (yaa kênd magb bila)
knowledge,bãngre
knowledge climate change,bãngrã sẽn kẽed ne toeengã yelle
known,b sẽn mi
Lake,"Têngâ gudgri, koobo"
Lake arm,Ko-zoetem sên zoet n dabd kùàl-bilê
lake chad,Chad mogrã
Lake water,Long pùgê ninga kùàlga koom sên zoetê
land,tẽnga
land area,Zĩiga
land cover,Tẽngã zãagre
land degradation,tẽn-gãongã sãoong
land surface,Tẽngã zugu
land use,Zĩiga rɩk-n-tʋm
land use change,Zĩ-gãongã rɩk-n-tʋm toeeng
land use changes,Zĩ-gãongã rɩk-n-tʋm toeengã
land water,koomã
Landing,Têng zug sigbu
landscape,tẽn-gãongã
large,kãsenga
large scale,yel-kãsenga
last,yaoolem
Last 24 hours,Wakat 24 sên looge (makre : zaamê wakat 12 soaba  n wa ta rûndâ wakat 12 ; zaamê wakat 18 soaba n wa tâag rûndâ wakat 18)
last years,Yʋʋm nins sẽn loogã
late,sẽn kaoosde
Late arrival (season),Sêoogâ kaoos n sàngame
late century,yʋʋm kob-gĩndẽ wã
Late end (to the season),Kâgre
Late start,Sàngr sên pa yà pînda
Latitude,Koom kokr zî- kasenga sên naan a tore sên boond ti Laka
Layers (of groundwater),Sebg sên yit mogrê wâ n tar bùgsem wùsgo
Layout,Yèlâ sên maneg n gâneg to-to ; yèlâ sên gâneg to-to
Leader,Baraas sên me t’a koomâ sên dùùgda tôe n tall n maan elèktrisite (tlectricitt)
least,sẽn pa ta
length growing,sẽn tar woglem n paasdẽ
length rainy season,zãmaanã zãmaanã
level,zãnd
level rise,Zĩigã rʋʋgre
levels,seglsã
life,vɩɩm
Lightning,Saag yâgengo
Lightning bolt,"Sa-tâsga, sa-tâase"
linear regression,logtoɛɛmbã
linear trend,Bãngr-gomd sẽn yaa vẽenega
Liquid,Todse (sên welgd zîis a yiibu bà têms a yiibu)
live,sẽn vɩ
livelihood,vɩɩm
livestock,rũmsã
Livestock farmer,"Gùùnda, Gùùngùùnda"
local,tẽnsa fãa
Local conditions,Sasa wâ (metewo wâ) sên na yà a soaba
Local drought,Saagâ yals niib bilf tà koodâ wêkdê
local knowledge,Tẽngã bãngre
Local radio,Têng pùgê radiyo
Locality,Tùùlgâ wakato zî-bil ninga tèka koomâ sên beê wâ
Location,"Babgo, zîiga,  sên beê
sên tutê,sên teesê"
Locust,"Bôn-yàgds sên sâamd koodâ, tààsâ, moodâ la tààsâ (sùyâ)"
Lond-awaited rain,"Saase, d sên da gûudi"
long,zãr
Long growth period,Bôn-koodr sên dàkd wakat wok n bàtê ; bôn-koodr sên ka bàt tao-tao
long rains,sa-kẽengã
long term,wakat sẽn kaoos pʋgẽ
long-term,sẽn kaoosda
Longitude,Sên zâr hal wùsgo
longterm mean,Sẽn kaoos-a wʋsgo
Loss-making trend,"Makrâ sên dàk waood sên zabd n yààd fâa- fâa, wakat sên yâk pùgê"
Low,"Bûmb pâng sên pa waooge, komslem"
Low cloud,"Sawadg sên pê tênga, sên pa zêk yîngr wùsg ye"
Low to moderate,"Sên komse, sên sàng têngr n wa ta pùsùka (sebgâ zoees pâng tôe n ya m a 1/s ne m a 7/s sùka)"
Lowest level (river bed),Long pùgê ninga lakâ (lac) koom sên beê
Lull,"Zîigâ maagre, Zîigâ lebga bùgsgo"
made,sẽn maan
Magnifying glass,Zîig sên beê magb ne meridiyê O wâ (Mtridien)
maize,bũmbu
maize millet,korã miizã
maize production,b sẽn kood zom-bɩɩsã
maize sorghum,korã sorghum
maize yield,Ka-koaadã
maize yields,Ka-koaadb yõodo
major,sẽn yaa kãsenga
malaria transmission,malɛgɛɛrã sã n dʋʋge
management,taoor lʋɩtbã
management practices,soog-m-mengã
management strategies,soog-m-meng teedo
Manure,Bir-pônegdem
map,kartã
mar apr may,mars avril mai
March,Talaato (semendâ rasem a yiib soaba)
market,raab
Maximum,Tùùlg kiuugu (yùùmdâ kiuug a tâab soaba)
Maximum temperature,Tùùlg bà waood râamde
May,Kiuugu
may jun,sigr kiuug
may jun jul,sigr kiuug sigr kiuug
may june,sigr kiuug
mean,sẽn dat n yeel
mean annual,yʋʋmd fãa pʋɩɩr
mean annual precipitation,Saagre yʋʋmde
mean annual rainfall,Sa-kẽengã sẽn yaa yʋʋmd fãa
mean annual temperature,yʋʋm-vẽkr fãa tʋʋlem
mean monthly,kiuug fãa pʋɩɩr
mean precipitation,Bõn-bɩʋʋng
mean rainfall,Saag sẽn yaa pʋɩ-sʋka
mean standard deviation,sẽn zems ne b sẽn boond tɩ standard deviationã
Mean temperature,"Makrâ sên dàk tùùlg sên zabd n yààd fâa- fâa, waakat sên yâk pùgê"
mean values,Vɛrse-rãmbã
mean yield,Bõn-bɩʋʋng
Measures,"Nao-kêndr ninga d sên segd n dàke, noor ràkre, saglga"
Mechanism,Wîndg  pukr n tâag wînto-sùka
mediterranean sea,Mediterane mogrã
medium,sẽn pa waoogã
medium confidence,bas-yard sẽn zems
Message,Mogrâ koom
meteorological society,meteorolozi sullã
meteorological society int,Meteorolozi wã sull int
meteorology,meteorolozi wã
Meter,"bûmb woglem, bà a zàslem makre"
method,sẽn na n yɩ to-to
methodology,sẽn na n maan to-to
methods,manesem
Mid-Season,Milimetre koom yaa koom litr a ye b sên dùùg metr kaare a ye zugu
Midday,Kibare kûun sên wilg tônd wakatâ sên na n yà to-to
might,tõeeme
migration,soog-n-mengã
milk,bĩisim
Millet,Wînto-sùka
millet sorghum,miis sorghum
Millimetre,Daarâ pùsùka
mineral dust,Mineral toms
Mineral fertilizer,Nasar-birga
minimum,minimã
minimum maximum,minimã tɩ loogã
Minimum temperature,Tùùlg ne waood pâng sên yààd fâa-fâa b sên tik wakat n dàke
Mist,Wulga (ko-wallem bà wubsg sên kàt tàpa le ne sôma ye)
mitigation,sẽn na yɩl n boog bãagã
mitigation adaptation,tɩɩm ning sẽn na n sõng tɩ bãanã boog-yã
mitigation potential,sẽn tõe n sõng-b tɩ b kogl b bãasã
Mixing,"Sên zêk n yààda, sên bedem, wùsg n yààda"
Model,Sêoogâ pùsùka
model intercomparison,makrã makrã
model results,Modellã biis
model simulations,Modellã makrã
model used,modɛl ning b sẽn tũnug ne wã
modelling,modɛlã
models,modɛl-dãmb
Moderate,N kàt tà kibarâ lèèg n yà wa kiba-sâanga
Moderate intensity,"Pânga, waooglem bà sa-koomâ rùùgr pânga"
Moderate to heavy (rain),Sên segd n dàk makr zîig ninga
Modification,Sa-koomâ waooglem sên pa ta mm 0.1 ye
moisture,kooma
moisture flux,ko-bõonesã
moisture transport,koomã sẽn kẽed ne koomã
mon weather rev,mon weer rev
Monday,Tùùm-teoog sên sôngd tà yimaas râmba lebgd bèda
Monsoon,"Pôogre, Kêkre (rààbo, koodo, bôn-buudu, tààg biisi…)"
monsoon onset,monsoonã sɩngre
monsoon season,monsoonã seasonã
Monsoon wind regime,Sêoog sebg fugda ne pânga
month,kiuugã
Monthly,na-kêndre
monthly mean,kiuug fãa pʋɩ-sʋk
monthly precipitation,kiuug fãa saagre
monthly rainfall,kiuug fãa saagã
monthly weather review,"kiuug fãa, d geta weerã sẽn yaa to-to wã"
months,kiis
Moon,Têne (semendâ pipi daare)
moreover,sẽn paase
Morning,Bâoogo
Mosoon in- tensification,Saagâ niib pâng paasgo
Most of the country,Kamaana
Mould,"Sên zemse (pa paooge, pa zùùge)"
Mountain,Sên zems n tà tâag sên yààd rênda (makre : saag tôe n niime tà zems bà yààg zîis kêere)
much,wʋsg
Mud,Bègdo
Mushrooms,Gûudu : Bôn-yitg sên pa kêeng  la  a pa tar yêgena bà vâad ye
name,yʋʋr
nation,tẽng
national climate change,"Tẽng fãa pʋgẽ, toeengã sẽn wat ne"
national level,tẽng fãa
natural,sẽn yaa toor-toore
natural resource,arzɛgsã
natural resources,arzɛgsã
nature,la nature
nature climate,yalẽ wã
need,sẽn yaa tɩlae
negative impact,Yel-wẽng sẽn paam-bã
negative impacts,Bõn-wẽns sẽn wat ne wã
negative impacts climate,yel-wẽng sẽn tõe n wa ne
Nest,"Liuul tùko (Zîig ninga liuuli wâ sên lobd b gèlâ, tôe n yàà tênga, tôe n yàà tààsâ zutu bà tààsâ yogdê)"
network,ẽtɛgnetã
Neutral,"Sên pa kê zîig ba a yembr ye. Sên pa kê yâmba, sên pa zabd ne yâmba"
Next 24 hours,Lèèr 24 nins sên na n pùgl reng-b-bângâ wâ poore
niger river,Nizɛɛr kʋɩlgã
niger river basin,Nizɛɛr kʋɩlgã
nigeria,Nizɛɛr
nioro rip,nioro ripã
Norm,"Sên geel n paam yùùm 30 zugu, sùka, makre"
Normal trend,Sên pa ta pùsùkâ ye
North,Goabg baobgo
north africa,Afirik rɩtgã
north atlantic oscillation,Atlantik rɩtg laloa wã sẽn yaa to-to wã
north south,rɩtg goabg goabga
North star,Âdga sên be  goabg wakat fâa
northern,rɩtg
northern africa,Afirik rɩtgã
northern ghana,Gana rɩtgã
northern hemisphere,b sẽn boond tɩ hemisphere du nord wã
northern part,rɩtgã babg
November,Sàpaolg kiuugu (yùùmd pùgê kiuug piig la a ye soaba)
Number,"Sôore (yaa geel-biis sên naagd taaba n wilg sôore, waooglem, sôadga)"
number rainy days,Yaooga sõor
Néré (tree),Rôaaga (yaa tààga tà b tara biisâ n maand kaolgo)
Observation,D sên gûus n yânde
observed,b sẽn yã
observed data,B sẽn yã bũmb ninsã
observed rainfall,saagã b sẽn yã
occurrence,b sẽn maandã
ocean,mogrã
Oceans,Mogr kaseng koom sên ya yamsem- yamsem
oct nov,Octobre
October,Zî-likri (yùùmd pùgê kiuug piig soaba)
october november,sigr kiuug
Off season,Sàpaolg zêed tùùmâ
offer,kõ
one hand,nug a ye
one year,Yʋʋmd a ye
online,ẽntɛrnetã zugu
online library,ẽntɛrnetã pʋgẽ sɛb
online library rules,Biiblã sɛb sẽn be ẽntɛrnetã pʋgẽ
onset,sɩngre
onset rainy,sa-kẽengã sɩngre
onset rainy season,sa-kẽengã sɩngre
open,vẽnegre
open access,B sẽn tõe n paam-a toore
opportunity,segb
order,sor-wilgr
Organic fertilizer,Bir-pônegdem
"Organic fertilizer (manure, compost)","Pôosgo, bir- pônegdem"
Organic manure,Birga
organic matter,Bõn-vɩɩga
organization united,siglg sẽn zemsd taaba
organization united nations,Tẽns sẽn lagem taab siglgã
Origins,Zîig sên tar weoogo (kâgre) tà saagâ niib tôe n ta yùùmd fâa mm 900 ne mm 1200 sùka (sig-noy kiuugu n tà ta bôn-bàùùng kiuugu)
outcome,sẽn wat ne-a
Overflow,Dépassement du niveau maximal
Overgrazing,Ràtg baobgo
pandemic,bã-longdem
panel,panelã
panel climate,panelã climateã
panel climate change,yel-gɛtb sull sẽn get toeengã yelle
parametric,paramétrique
park,parkã
participate,kẽes-y y toog
particularly,sẽn yɩɩd fãa
Partners,Tùmd-n-taase
parts,babs
past,sẽn looge
past years,Yʋʋm nins sẽn loogã
Pasture,Rûmsâ wâbneg zîiga
patterns,yel-manesem
Peanut plant,"Nanguri, sînkaam, sûma"
per capita income,Sẽn kẽed ne ned fãa paoongo
per decade,yʋʋm piiga
per hectare,per hectare
per year,Yʋʋmd fãa
Percentage,"Koabg zug pùààre (Makre : 10%, 5%)"
percept,yãab
perceptions climate,tags-n-taase
perceptions climate change,tags-n-taase
Period,"Wakat yènga, sên kaoose,"
Perspectives,"Sên wat beoogo, d sên na n maane"
phase,faasã
phd thesis,Phd thesis
Phenomenon,"Yel-kasenga waoongo, bûmb d sên da pa mi tiiri"
physical,yĩngã wɛɛngẽ
physical science,fiziksã bãngre
physical science basis,Bãngr-gomd sẽn tik fiziksã
Phyto-sanitary treatment,Sàlmande
place,zĩiga
Plain,"Zî-lamde, zîig sên sakd koobo"
Plane crash,Silg lùààse
plant,plantã
Plant types,Bôn-yiti  buud fâa sên naag taaba
planting,plantã
planting date,B sẽn bʋd-a
planting dates,b sẽn bʋd-b wakat ninga
Plants,Sên kêed bôn-yitsâ ne moodâ wèèngê
Plateau,Zî-lamd sên zêk bilfu (d pa tôe n ko zî-kâng zug ye)
Ploughing,Rɩk-y koodã
Pole (North or South),Zîis nins sên tà be ândûni wâ goabg zâng-zânga bà a ràtg zâng-zânga
policy,politikã
policy research,politikã vaeesgo
policy research institute,politikã vaeesg sull
Political leaders,Têng taoor dâmbâ ; politikâ taoor dâmbâ ;
politics,politikã
pollution,rẽgemdã
Poor ground,"Tên-gâongâ, têngâ vêenem"
population growth,neb sõor paasgo
"Porthole, window",Sa-gâongâ ne tên- gâongâ sên ya wa b sààsda taab zîig ninga wâ
Possible,"Sên tôe n maane, sên sakd maanego"
potential,sẽn tõe n yɩ
potential evapotranspiration,B sẽn tõe n kɩt tɩ ned sã n ki bɩ a lebg bugum
potential impacts,Bũmb nins sẽn tõe n wa ne zu-loeesã
Poultry,Rûms ninsa sên dàt-b bôn-yitis biisi
power,pãn-kãsengã
practices,yel-maandɩ
Precipitation,"Saaga, sapàlem sên dùùgde"
precipitation change,Saagã toeeng
precipitation changes,saagã toeeng
precipitation climatology,sa-kẽengã
precipitation data,Saagrã kibay
precipitation events,Saagrã
precipitation temperature,Saagrã tʋʋlem
precipitation variability,Saagã sẽn yaa to-to
precipitation west africa,saagã sẽn yaa to-to Afirik yaanga
predict,sẽn na n yɩ to-to
pregnancy,pʋg-sɩd
present study,vaeesg sẽn maand masã
press,pressã
press cambridge,Kibar n na n zĩnd
previous,sẽn loogã
previous studies,Zãmsg sẽn loogã
Probability,"Zu-noog tà bûmb yà, sên tôe n wa"
Probable,"Sên tôe n yà, daare… daar ninga…"
proc natl acad,prok natl akad
process,tʋʋm-noor
"Process, stages","Vûgsi, nao-kêna"
product,sẽn yaa sõma
Production,Sên ko n paam fâa
production systems,b sẽn maand to-to
production west africa,Afirik wĩndg babgẽ
Progression,Taoor kênde
Progressive,"Bilf-bilfu, kàdg-kàdga"
projected changes,toeeng ning b sẽn gũudã
projected climate,Vẽenem ning b sẽn tagsd tɩ na n zĩndame
projected climate change,Vẽenemã sẽn na n toeem to-to
projected increase,b sẽn na n paas-a
projection,vẽnegre
projections,bãngr-goamã
promote,sẽn na n kɩt tɩ nebã
Protected area,Weoogâ zîis ninsa b sên yâk n gàdg tààs keebo bà tâoosgâ maanego
Protected species,Bôn-vààl buud kêer kùùb sên gàdge
Province,Porvênse (yaa kadeng sên tar departma râmb wùsgo)
public health,zãma wã laafɩ
Puddle,Sawat sên be zîig toor-toore
Quantity,Sôore
Quasi-stationary,"Sên pa targd ye, sên yas zî-yènga"
quaternary science reviews,Bãngr-gomd a naas-n-soabã
Radio program / Gas emission,Radiyo wâ koeese / Gaaz yiisgu
Radiosond,Radio wã
Rain,Saaga
rain fall,sa-kẽengã
Rain gauge,Tùùmd teoog sên tar n magd saagâ sên ni koom waooglem
Rainbow,Saag gomtàùùgo
Rainfall,Saas koom sên mag n gùls n bîngi
rainfall amount,sa-kẽenga
rainfall amounts,sa-kẽengã sõor
rainfall anomalies,sa-kẽengã sẽn yaa toor-toorã
rainfall data,Saagrã kibay
rainfall distribution,saagã pʋɩɩre
Rainfall enhancement programme,Tùùm-noor ninga sên tall tàto n na n kàt tà saagâ ni
rainfall events,Saag-koom
rainfall index,sa-kẽengã
rainfall pattern,sa-kẽengã
rainfall patterns,sa-kẽengã sẽn yaa to-to
Rainfall radar,"Tùùmd teoog sên tar n get sawatâ, saasâ la sebdâ"
Rainfall radar picture,Sên ka be saabo
rainfall regime,sa-kẽengã
rainfall sahel,sahelã
rainfall temperature,Saagrã tʋʋlem
rainfall time series,sa-kẽengã
rainfall trends,sa-kẽengã
rainfall variability,saagã sẽn yaa to-to
rainfall variability west,saagã sẽn yaa to-to wã
rainfall west,sa-kẽengã
rainfall west africa,sa-kẽeng Afirik yaanga
rainfed agriculture,koob-koomã wɛɛngẽ
rains,saaga
Rainy,Sasa ninga saagâ sên mi n niid wùsgo (pêdem-pêdem)
rainy days,sa-kẽeng
Rainy season,Tùùmd teoog (masîn) sên tar n magd bùgsmâ sên be pemsmâ pùgê
rainy seasons,sa-kẽengã
Rapids (water),Kùàlg koom sên zoet yîngr n dùùgd tênga
Rare,"Sên kênd bilf-bilfu, sên boog kênda tùùlem"
Rate,Koom ka le be n tà tâag wakat ninga koomâ sên na n le wa
rcp scenario,rcp yel-bũndã
Reading,"Lidèère (ângilimd gom-bil  sên dat n yeel tà taoor soaba, naaba, sên dàkd-a koèèga )"
reason,bʋʋm
recent trends,Sẽn nan pa kaoose
recent years,Sẽn nan pa kaoose
recharge,recharge
record,logtorã
reduce,sẽn na yɩl n boog
reduction,boogre
reference category,tags-n-taase
reference period,Gʋls-y-yã
reflect,sẽn na n wilg
Reforestation,Bûmb sên pa wè ye
regard,sẽn kẽed
region,tẽnsa
region ghana,Ghana soolmẽ wã
region west,Tẽng sẽn be yaanga
region west africa,Afirik wĩndg babgã
regional climate,zĩ-gãaga
regional climate change,Na-kẽndr sẽn kẽed ne zĩma toeengã
regional climate model,Tẽngã zĩigã sẽn yaa toogã
regional climate models,Tẽng-tẽnsã klim modɛl dãmba
regional climate simulations,Tẽnsã klimã makrã
regional scale,Tẽng fãa
Regions,Sêoog sebgo
regression,lebg n wa
relationship,lagem-taab
Relative humidity,Bùgsem (koom bà ko- walem sên be pemsem pùgê)
Religious leaders,Wênd tûudub  taoor dâmbâ
remote,sẽn zãr ne
remote sensing,zãr-zãrgã bãngre
remote sensing environment,Zĩ-zãrgẽ bãngrã zĩig
renewable,sẽn tõe n lebg n wa
renewable energy,pãng sẽn tõe n lebg n dɩke
report,kɩbayã
report intergovernmental,seb-vẽenem sẽn kẽed ne goosneema-rãmbã
report intergovernmental panel,goosneema-rãmb sʋkã sull sẽn maan vaeesg n kõ sebre
reported,b sẽn togsã
Repre-sentative,Sên paame
res public health,zãma wã laafɩ wɛɛngẽ
research,vaeesgo
research development,vaeesg la vaeesgo
research institute,vaeesg sull
research letters,Sɛb b sẽn gʋls n na n maan vaeesgo
research unit,vaeesg sull
Reservoir,Bôn-koom buudu
Resilience,Sawat nins sên kell-b saag niib loogr poore
resolution,vẽnegre
resource,arzɛkã
resource management,arzɛkã zãab wɛɛngẽ
resource use,arzɛkã rɩk-n-tʋm
resources,ligdã
resources management,laog zãabo
response climate,yel-gɛtbã sẽn na n leok to-to
response climate change,B sẽn na n maan to-to n welg yɛlã
result,sẽn wat ne
results show,B sẽn maan to-to
review,vaeesgo
review institute security,siglg na-kẽndre
Rice,Mui
Rice field,Muitinsi
Risk,Kùàl-zêedo
risk management,B sẽn tõe n maan bũmb ninsã
River,Koom sên zoet n dabd mogrâ wâ bà kùàlg ato pùgê
River arm,Ko-zoetem sên zoet n dabd kùàl-kasengê
river basin,kʋɩlgã
river basins,kʋɩl-bɛdã
River bed,Long pùgê ninga baraasâ koom sên beê
river discharge,kʋɩlgã koom sẽn yitẽ
river flow,kʋɩlgã
river flows,kʋɩl-bɛdã
Riverbank,Kùàlg kàremse
root tuber crops,Kẽengã
royal meteorological,Royal Meteorologicalã
royal meteorological society,Royal Meteorological Society
rules use articles,No-rɩk-n-tɩrsã
runoff,sẽn yit koomẽ wã
rural areas,tẽn-kɩremsã
rural development,tẽn-kɩremsã yidgr
safety,bãanã
saharan africa,Afirik sahara wã
sahel,sahelã
Sahel (region),Zîig ning saagâ sên pa niid wùsg ye (a niibâ pa ta mm 400 ye)tà tààsâ yaa yembr- yembre
sahel rainfall,sahel saagã
sahel region,Sahel soolmẽ wã
sahelian,sahelianã
sahelian zone,sahelian zĩiga
Sanction,Sibri (semend pùgê rasem a yoobe)
Sand,Bîisri
Sand dunes,Bîis-tâmse
Satellite (weather),Warga
Saturday,Sàpaolg sasa
Savanna,"Yaa masîni (tùùmd teoogo) ninsaal sên tool yîngri, sên na yàl n yôk sawatâ, sebdâ, wubsgâ fot râmba, la n paam kibay n toole"
Savings,"Koom bîngri, Koom koglgo ,koom paoongo, koom boogre"
Scale,"Têmsâ ne taab zârem b sên mak n wilg sebr zugu, tà d tôe n dàka rê n geel n bâng zârem ninga sên sàd be têmsâ ne taabasùk hakàka"
Scattered,Tààs sên pa waoog zîigê
Scattered (cloud),Sawat sên be zîig toor-toore
scenarios,yel-bũndã
Science,"Zîig ninga sên pa tar tààs wùsgo, la a tar mood wùsgo"
science basis,bãngrã zugu
science basis contribution,science base sõngre
science technology,bãngrã la teknolozi wã
Scientific studies,Tùùm bà bângr baoob sên tûud ne noy nins b sên gânege
Sea,Yèl wùsg bà teed wùsg sên naag taaba
sea level,ko-kãsengã
sea level rise,ko-kãsengã rʋʋlem sẽn zẽkdã
sea surface,ko-kãsengã
sea surface temperature,mogrã zug tʋʋlem
sea surface temperatures,ko-kãsengã zug tʋʋlem
search,baoob
season,wakatã
seasonal,wakat fãa
seasonal cycle,yaa tigr sẽn tũud ne kibsã
Seasonal prediction,"N wilg pînda sêoogâ sên na n yà a soaba kiis ninsa sên wata pùgê (saagâ sâ n na n niime, zîigâ sâ n na n yàà koèènga, sêoogâ sâ n na n yàà pînda, bà a na n kaoosame n wa, la saagâ koom waooglem sên na n yà a soaba)"
seasonal rainfall,Sa-koobã
seasonal variability,wakat fãa sẽn wat ne bũmb ninga
seasons,wakat fãa
second,yiib-n-soaba
Section,"Baobgo, zîig takà"
security,bãanã
security implications climate,bãanã wɛɛngẽ
security review institute,bãanã vaeesg sull
Seed,Semende (rasem a yopoe)
Seeding,Sên wat la sên maand kiuug a yoob-yoobe
Seeds,Bôn-yitg biisi
Selection,Bôn-buud tûusgu
semi arid,zĩ-zãrga
Semi-circular holes (technique allowing them to keep moisture in the ground for longer),Koob tùùm nao-kêndr sên kêed ne tên-gând noosem sên sâbg lebsgo : bog-gils tuub sên na yàl n kok saagâ koomâ tà maasrâ pa zîigâ pùgê n kaoose
semiarid regions,Tẽns nins sẽn yaa rasempʋɩɩsã
sense,tags-m-meng
sensitive,sẽn yaa toog ne-ba
Sensitive area,Zî- bânde
September,Bùdbo
series,sõor
set,sẽn be
several,neb a wãn
several studies,Zãmsg toor-toor
"Shadow, shade","Maasem, sulunsuku"
shift,sẽn kẽed ne
short,sẽn pa kaoos
Short crops,"Bôn-koodà sên pa yikd yîngri (makre : nanguri, bènga)"
Short growth period,Bôn-koodr sên dàkd wakat bilf n bàtê ; bôn-koodr sên bàt tao-tao
short rains,saag sẽn pa kaoosã
Short-lived,"Sên pa zèèd  loogre, sên pa kaoosde"
showed,wilgame
Shower,Saluka
Showery- thundery outbreak,N tôog f menga
sierra leone,Sierra Leone
significant,sẽn yaa kãsenga
significantly,wʋsg
Signification,"Bogre, kaoosgo, wakato"
Similar,Bûmb vôor wilgri
Sky,"Saaga-gâna , yîngri"
Slow-motion,"Tùùmd teoog b sên tar n magd sebgâ zoees pânga,a sên teesdê, la a bùgsmâ sên yala"
Sluice gates,Teoog sên ning baraasâ pùgê sên na yàl n pagdê la b pakdê tà koomâ tûud be n yita
smallholder farmers,Kẽer sẽn yaa tẽn-kɩremsã
smart,yam
Smell,Yûugu
Snow,Tên-gâongâ têngr kùàlse (yaa zîis ninsa saagâ koom sên tigimd taaba b sâ n wa fôog n kê tên- gâongâ)
social,siglg wɛɛngẽ
social capital,soog-n-mengã
social economic,tʋʋma
Society,Sulli ; lagem-n-taare
society int climatol,siglg sẽn kẽed ne klimatoorã
software,porze rãmb
Soil,Mogdo
soil fertility,tẽn-gãongã rogem
soil fertility management,Zĩ-gãongã yɩlemdã zãabo
soil moisture,tẽn-gãongã koom
soil water,koom sẽn yit tẽngẽ wã
soil water assessment,Tẽn-saasẽ koomã vaeesgo
solar,wĩntoogã
solar radiation,wĩndgã vẽenem
solution,tɩɩm
Sorghum,"Wîndga, wîntoogo"
sorghum millet,sorghum miis
source,sẽn yitẽ
South,Paoongo
south africa,Afirikdisiid
south atlantic,Atlantika goabg babgã
southern,goabgã
southern africa,Afirikdisiid
southern mali,Mali sẽn be goabgã
southern oscillation,southern oscillation sẽn yaa goosneerã
spatial,zĩiga
spatial distribution,b sẽn pʋɩ zĩig ningã
spatial patterns,zĩn-dãmb sẽn yaa toore
spatial resolution,zĩn-dãmb sẽn yaa sõma
spatial temporal,zĩn-vɩɩmã la wakatã
spatial variability,zĩigã sẽn yaa to-to
special report,Kibar sẽn yaa toor-toore
Species,Bôn-vààlà buud sên wênd taaba la b tôe lagem taaba  n weke
Sporadic (cloud),Sawat sên tôe n puki n wêneg n menem wakat bilf pùgê
Sporadic rain,Saag sên niid n wa yals bilfu n lèèg n sànge
Spring,Tààsâ puud ningr wakato
Squall line,Kùàlg pùgê zîig ning koomâ sên zoet ne pânga
sst anomalies,sst yeem-yeem
Stability,"A yêgrâ, bûmb ning sên wa ne, a sên yàtê"
stage,sull
stakeholder,sẽn kẽed-b yellã
standard deviation,yel-gɛtã
Standing water,Koom sên pa zoete (n yas zî-yende)
Star,Âdga
Stars,Yîngr âdse
start,sɩngre
Start (season),Sêoogâ sàngre
Start of a season,Commencement de la saison
state,tẽnga
"State (liquid, solid or gaseous)","Bûmb buud fâa yalê (koom-koom, kègemde, walem)"
Stationary,Sasa wâ bôn-magdg tùùm zîiga sên kênd daar fâa ne masîn- dâmba sên kôt kibay sên kêed sasa wâ wèèngê la yaa tùmtùmdb bângr sên pidi n tùmd be
statistical,statisticalã
statistically significant,Bãngr-goam sẽn tar yõod wʋsgo
status,sẽn yaa a soaba
step,n paas
Stevenson screen,Raad ro-bila sên ya pèèlga sasa wâ (wakatâ) bôn-magdg (metewo wâ) tùùm- teed bîngr yînga
still,ket n yaa woto
Stocks,Nin-lèta (Ned sên wa ned a to yùùr yînga)
storm,sob-raoogo
Storm cloud,Zîig ninga sawat sên beê n naag ne yâgb la sa-tâsse
strategies,so-tũudba
strategies climate change,yel-gɛtb sẽn get klima toeengã yelle
Strategy,"sên pa tarkd ye, sên yas zî-yende sên pa loog ye"
Straying Animal,Rûmsâ gô-yaarâ
stress,yɩɩre
strong,sẽn tar pãnga
Strong (wind),Sebg sên tar pânga (sebgâ zoees tôe n yààga m a 7/s fâa)
study,zãmsgo
study area,Zãmsg zĩiga
study period,zãmsg wakat
sub saharan africa,Afirik sẽn be Sahara tẽng rʋʋndã
subsaharan,sahara tẽn-kɩremsã
subsaharan africa,Afirik sẽn be Sahara tẽngr babgã
Subsistence crop,Koob sên ya rààb yînga
Success,Tùùm-minim nao- kênâ buud toor-toor sên be bà manesem buud sên tôe n tû n paam zu-loèèg ninga tààm
sudanian zone,sudãan zĩiga
Summer,"Sasa ninga wîntoogâ sên tar pâng têms kêer pùgê (tùùl-nif kiuugu, sig-noe kiuugu, sigr kiuugu, sêoog kiuugu)"
summer monsoon,sa-sikã
summer rainfall,saag sẽn niid tʋʋlgo
Sun,Tên-gâongâ sên pa tar noosem zî-pelle
Sundanian,Ki ka-zêeg bi ba-ninga
Sunday,"Hato, zîmaas"
Sunny,Wîntoog sên be daare
support,sõngre
surface,zug zug
surface air temperature,Zĩ-gãongã tʋʋlem
surface runoff,Zĩigã sẽn yitẽ wã
surface temperature,Zĩigã tʋʋlem
surface temperatures,Zĩigã tʋʋlem
surface water,koom sẽn be tẽng zugu
Surplus,"Sên yôsge, sên yùùge, sên yààde"
Surplus trend,"Makrâ sên dàk waoodâ la tùùlgâ, b naag-d-la taaba n yaool n pùà zîis a yiibu"
Surrounding area,"yambâ, Sên pê ; gilim-gilmi ;"
sustain,n kell n tall
sustainability,sẽn na n yɩll tɩ nebã vɩɩmd wakat sẽn kõn sa
sustainable,sẽn tõe n tall pãnga
sustainable development,Na-kẽndr sẽn yaa sõma
Sweetcorn,Sig-noy kiuugu (yùùmdâ kiuug a 5 soaba)
Synoptic station,Tùùmd noor ninga sên kôt kibay sên kêed ne sasa wâ yalê wèèngê (metewo wâ)
system,siglg
systems,siglsã
Take cutting (plant),Bôn-yitg rao-gàrg b sên send tênga sên na yàlê t’a tobe
Take off,Sàlg yàkre
Tall crops,"Bôn-koodà sên yaa wogdo, sên tar kânkâe (makre : ki, kamaan la ka-zêeg koobo)"
technology,Teknolozi wã
Temperature,Koabg zug pùààre
temperature anomalies,Vɩɩmã sẽn pa zemsã
temperature change,Vʋʋsemã toeengo
temperature increase,Vɩɩmã fɩɩgre
temperature precipitation,Vʋʋsemã sẽn yaa toogã
temperature rainfall,Saag-n-basã
temperature variability,Vãrãtãarã variabilitate
Ten day period,Rasem 10 pùgê
Ten-day forecast,N pînd n wilg wakatâ sên na n yà a soaba rasem piiga sên wata pùgê
Tercile,Sên zùùg pùsùkâ
term,wakat fãa
Termite,"Tùùm 30 sên pùà zîis a tâabo n yaool gâneg-b n sàng ne kàdgâ n tà tâag kasenga, wal n sàng ne kasenga n wa kàdga n yaool n ning- b sul a tâab sên zems taaba"
Termite mound,"Bâmb baasgo, bûmb saabo"
terms conditions,No-rɩkdsã
Territory,Bàmbàlga Yaoore tâmbeko
test.,makrã.
The norm,"Sên wè n watê, sên tôe n dàk tà yà makre, sên wè n yântê, sên paam yùùm 30 pùgê"
theory,tags-n-taase
Thermo-meter,"Têngâ, Ândûni wâ"
third assessment report,Rɩk-n-taar sebre
three,a tãab
Thunder,Têng toaaga bà kadeng toaaga
Thursday,Lamusa (semend pùgê rasem a naas soaba)
time,wakat
time scale,Wakatã
time scales,wakat sẽn loogde
time series,wakat sõor
time step,wakat na n waame
To be able to,N tôog n maan bûmbu
To collapse,"pasgre,  kaogre"
To control,N tôog f menga
To figure out,bûmb vôor wilgri ; nbûmb vôor wegsgo
To fly over,Rûms sôor sên yààd zî-yèng wâbnego
To indicate,"N wilgi, n tabende"
To isolate,"N welge, n bake"
To measure,Arba (semendâ rasem a tâab soaba)
To observe,Yaa gesg ne gûusgu sên na yàl n yând bûmb ninga sên be
To present,"N wilgi, n kàt tà b bânge, n piuugi"
To water,koom kêesgo
Toad,Pondre
Tools,Tùùmd teedo
Tornado,Tùùl-makdga
Torrential downpour,Saas sên niid ne pânga
Total,Saagâ yâbre
Total rainfall,Fâa zânga sên yala
Total rainfall (over a period of time),"Saagâ koom waooglem magbo (a sên ni lèèr a ye pùgê, daar a ye pùgê, semend a ye pùgê, kiuug a ye bà yùùmd a ye pùgê)"
tourism,soog-m-mengã
Town,Galù tênga
"Town, village",Komiindi (yaa kâdenga meer sên so)
Traces of precipitation,"Sên geel n paame, fâa sên naag taaba"
Trade winds,Sebg buud a ye yùùre
tradition,minimã
Traditional leaders,Rog-n-mik nanambse
transit,soog-m-meng
transport,soog-m-mengã
trend analysis,Bãngr-goamã
trends,sẽn yaa to-to
Tricky,Sên tog n maan ne gûusgu
Tropical,Têng rigingu
tropical atlantic,Atãlãnti wã sẽn yaa zĩig ning koomã sẽn be
Tropical cyclone,Un vent violent qui se déplace comme un tourbillon accom- pagné de fortes pluies causant d'énormes dégâts
Tropics,Halà
Tsunami,Farens têngê yaa toadg ninga sên be rezô râmb nins sùka tà b sasa wâ pa a yembr ye (sên tar sasa toay-toaya)
Tuesday,"Têngâ babg ,zîig nîng sên waoog n yààda"
twentieth century,yʋʋm kob-gĩnd 20 soabã
two,a yiibu
uncertainty,sẽn pa vẽenega
united kingdom,Bertayn soolmẽ wã
united nations,Tẽns sẽn lagem taab
united states,Etazĩni
university press,karẽn-dotã
university press cambridge,University Press Cambridge
Unlimited,"Sigri, Sêoogo"
Update,Tùùm-noy ninsa sên segd n maan b tùùmâ n zems ne gofneema wâ sên gâneg politikâ ninsa
upper east,Zĩig ning sẽn be yaangã
upper east region,Zĩig ning sẽn be yaanga
Upstream,"Sàngrê, Sên deng taoore"
urban areas,tẽn-bɛd zĩisẽ
Use,"Rûm-doogo, Bâgre (Rûms sôor sên waooge)"
use change,B sẽn na n toeeme
used study,Zãmsg b sẽn tũnug ne
Valley,Sên tar n tùùmdê
value,yõodo
van der linden,Van der Linden
Vapour,"Ko-walem, walem"
variability,sẽn tõe n toeeme
variability climate,Variabilityã climateã
variability climate change,Variableãããããããã
variability crop,bʋ-kaoodbã
variability precipitation,saagã sẽn yaa toor-toorã
variability rainfall,sa-kẽengã sẽn yaa toogã
variability resource use,Variability Resource Useã
variability west,Variability west yaa
variability west africa,Afirikdugr babgã
variability west african,Variable Africã Ocidentalã
Variation,"Toeengo, tekre"
variations,yel-manesem
varieties,buud toor-toor
various,buud toor-toor
Vegetation,Tààsâ la moodâ buud fâa sên naag taaba
vegetation cover,tɩ tɩɩsã pa be ye
Vegetation cover ratio,"Sên lebg a soaba, sên wat ne bûmb ninga"
vegetation dynamics,tɩɩsã bɩtgo
vegetation productivity,tɩɩsã koodã
Velocity,Kênd tùùlem magbo
Very,Toeengo
Vicinity,"Yak-n-taare, sên pê, yamba"
view,yãab
Vigilance,"Sabaab wêng sên tôe n wa, n maan gûusg ne sabaab wênga, bob-n-dôbê"
Village,Tên-kàrenga
Visibility,Bûmb nenem zârem sên tôe n zem to-to
Visibility impairment,Sên ko n paame ; koodâ biisi
Visible,Bûmb b sên ne
visual,ninã
Volcano,"Tâng sên yiisd bugum
Tâng sên wùbd bugum"
volta basin,Voltage Basinã
volta basin west,volta bassin weste
volta river,Volta kʋɩlgã
volta river basin,Volta kʋɩlgã
volume,sõor wʋsgo
vulnerability,b sẽn tõe n nams-bã
vulnerability adaptation,sẽn na yɩl tɩ b tõog n tũ-a
vulnerability climate change,B sẽn tõe n wa paam n maan bũmb to-to
vulnerability contribution working,sẽn na n sõng tɩ b tõog n maan b sẽn datã
wana region,Wanã soolmẽ
warm rain,saag sẽn yaa tʋʋlgo
warming,sẽn na n kɩt tɩ zĩigã lebg fɩɩgre
water,koom
water assessment tool,koomã vaeesg tʋʋm-noor
water availability,koomã sẽn be zĩig ningã
water balance,koomã sẽn zems to-to
water content,koom sẽn be a pʋgẽ
water cycle,ko-kẽengã
water demand,koomã baoobo
Water flow,Koomâ sên wè n tûud zîig ninga
Water flowing,Saag ko-zoetem
water management,koomã zãab wɛɛngẽ
water quality,koomã sõmblem
water resource,koomã
water resource management,koomã zãab wɛɛngẽ
water resources,koomã
water resources management,koomã zãab wɛɛngẽ
water scarcity,koom paoong sẽn pa waooge
water storage,koom koglgo
water stress,ko-pʋʋga
water supply,koomã zãabo
water table,ko-pʋʋga
water use,koomã rɩk-n-tʋm
Waterfalls,Koom sên yit tâng zug n kiigd tênga
Waves,Têng riging mogrâ pùgê n kàt tà koomâ sâam teed wùsgo
Weather,Kibare
weather data,Weoogã sẽn yaa to-to
weather events,weerã sẽn yaa toogã
Weather station,"Sên zem taaba, zîig sên yaa sàà"
Wednesday,Kiuug-kiuug fâa
Weeding,"Tùùm-wênga sàbgre, manesem wêng sàbgre"
Week,"Bûmb ninga fâa b sên tôe n tall n sông neda t’a yi wakat toog ningapùgê bà sabaab wêng ninga pùgê a sên be wâ, b sên tôe n kô a soaba bûmb ninga fâa, bûmb ninga fâa sên tôe n sông a soab sabaab wêngâ wakato, sên tôe n fâag-a, teed bà ligd kûuni sên tôe n sông-a toogâ wakate."
Weekly,Bûmb paasgo
weight,zɩɩm
Well,"Bulga, kùàlga"
West,Poorê baobgo (wîndgâ sên lùàtê wâ)
west africa,Afirik yaanga
west africa climate,Afirik wĩndg tẽnga
west african,Afirik nin-taoorã
west african climate,Afirik nin-taoor tẽnga
west african countries,Afirik nin-taoor tẽns
west african monsoon,Afirikdugrã monsoon
west african rainfall,Afirik wĩndgẽ saagã
west african region,Afirik wĩndg babgã
west african sahel,Afirikdugr Sahɛl
west asia,Azɩt-rɩt
west asia north,Azi yaanga goabga
west central,wĩndg goabga
west central africa,Afirik nin-tũusdsã
western,nin-tẽnsa
western africa,Afirik yaanga
western mediterranean,Mediterane wĩndgã
western part,Yaangã
western sahel,Sahel yaanga
wet,sẽn yaa koom
wet days,daar sẽn yaa nifu
wet dry,koom sẽn yaa nifu
wet dry years,wags sẽn yaa koom la koom-koom
wet season,sa-kãnga
wet years,yʋʋm nins koom sẽn yaa nifu
Whirlwind,Seb-kaseng sên naag ne saag koom
white volta basin,yel-gɛtã
wide,yaleng
wide range,sẽn yaa to-to fãa
wiley online,wiley sẽn be ẽntɛrnetã pʋgẽ
wiley online library,Wiley ẽntɛrnetã sebr sɛb
wind,sobgã
wind speed,sobgã pãng
With ups and downs,Bûmb sên toeemd n dùùd la sigda zîig ninga pùgê
without,sẽn pa
working group,Tʋʋmd sull
working group fourth,Tʋʋm sull a naas soaba
working paper,seb-vãoog
world,dũniyã
world bank,ãnduni wã bãnk
world bank washington,ãnduni wã bãnk washington
year period,yʋʋmdã
Yield,"Kibay nins sên be-b yârg zugu, b kaoreng la b gùlsgo"
yield change,Na-kẽndre
yield potential,B sẽn tõe n kõ ligdã to-to
yield potential traits,Y tõe n paama zʋg-sõma
yield response,B sẽn leokd to-to
yield variability,Bõn-bɩʋʋngã sẽn yaa to-to
yields,biis
york usa,York Etazĩni
zonal wind,Zonal sobgã
zone,zĩiga
zones,zones
Zäi(farming technique),"Zaee (Koob tùùm- paalg manesem sên tûud ne bogd tuubu, sên na yàl n sông tên- gâongâ t’a lebg n paam a noosem)"
