english,bambara
(sand) Dune,cɛncɛn kulu
(Small) Stone barriers,kabakuru dancɛ misɛnninw
(weather) Disturbance,waati cogoya ɲagami
(wind) Direction,(fiɲɛ) fan
access,ka se a ma
according,ka kɛɲɛ ni
across,fan bɛɛ la
across west africa,afiriki tilebinyanfan fan bɛɛ la
activities,baaraw
Activity,baara
adapt,ka ladamu
adapt climate,ka waati cogoya ladamu
adapt climate change,ka ladamu waati yɛlɛma ma
adaptation,ladamuni
adaptation climate,ladamuni waati cogoya
adaptation climate change,waati yɛlɛma ladamuni
adaptation measures,ladamuni fɛɛrɛw
adaptation mitigation,ladamuni ni nɔ dɔgɔyali
adaptation options,ladamuni suganditaw
adaptation strategies,ladamuni fɛɛrɛw
adaptation strategy,ladamuni fɛɛrɛ
adaptation vulnerability,ladamuni ni farati sɔrɔ nɔgɔya
adaptation vulnerability contribution,ladamuni vulnérabilité dɛmɛni
adaptations climate change,ladamuni waati yɛlɛma waati
adapting climate,ka waati cogoya ladamu
adapting climate change,ka ladamu waati yɛlɛma ma
adaptive,ladamulen
adaptive capacity,ladamuni seko
Advice,Laadilikan
Afar,Farafina
Africa,Afiriki
africa climate,afiriki waati cogoya
africa climate change,afiriki waati yɛlɛma
africa region,afiriki mara la
African,Farafinnakan
african agriculture,farafinna sɛnɛko
african climate,farafinna waati cogoya
african climate change,farafinna waati yɛlɛma
african countries,farafinna jamanaw
african easterly,farafinna kɔrɔnyanfan fɛ
african easterly jet,afiriki kɔrɔnfɛla jet
african monsoon,Farafinna musɔni
african rainfall,farafinna sanjiko
african region,farafinna mara la
african sahel,farafinna sahel
african science service,farafinna dɔnniya baarada
african security review,farafinna lakanani lajɛ
After,Kɔfɛ
Afternoon,Wula
Agricultural circum-stances,Sɛnɛko cogoyaw
agricultural development,sɛnɛ yiriwali siratigɛ la
agricultural forest meteorology,sɛnɛ kungo kɔnɔ waati jateminɛ
agricultural land,sɛnɛ dugukolo
agricultural model intercomparison,sɛnɛko misali ɲɔgɔndan
agricultural production,sɛnɛ dilanni
agricultural productivity,sɛnɛko nafa sɔrɔli
agricultural research,sɛnɛko ɲinini
agricultural sector,sɛnɛko siratigɛ la
agricultural systems,sɛnɛko sistɛmuw
agriculture,sɛnɛko
agriculture climate,sɛnɛko ni waati cogoya
agriculture climate change,sɛnɛko ni waati yɛlɛma
agriculture food,sɛnɛfɛnw balo
agriculture food security,sɛnɛko balo lakanani
agriculture organization united,sɛnɛko jɛkulu jɛlen don
Agro meteorology,sɛnɛko meteworolozi
Agro-meteorological station,sɛnɛko metewo garaji
air temperature,fiɲɛ funteni hakɛ
Airport,Awiyɔnso
Alert,Lasɔmini
Almost entirely,A bɛ se ka fɔ ko a bɛɛ
along,a nɔ fɛ
along coast,kɔgɔjida la
although,hali
american meteorological society,Ameriki meteworolozi jɛkulu
amount rainfall,sanjiko hakɛ
analysis,sɛgɛsɛgɛli
Analysis / Forecast inputs,Sɛgɛsɛgɛli / Forobaciyɛn dontaw
Animal types,Bagan suguyaw
Annual,san o san
annual cycle,san o san sɛgɛsɛgɛli
annual mean,san o san hakɛ danmadɔ
annual precipitation,san o san sanjiko hakɛ
annual rainfall,san o san sanjiko hakɛ
annual runoff,san o san dugukolo sanfɛ ji bolili
annual temperature,san o san funteni hakɛ
anomalies,anomaliyaw
Anomaly,anomaliya
answer,jaabi
anthropogenic,hadamadenw ka kɛwalew sababu la
anthropogenic emissions,hadamadenw ka gaz bɔli
appear,ka yira
applicable creative,daɲɛw labɛncogo min bɛ se ka waleya
applied,a bɛ tali kɛ a la
approach,fɛɛrɛ
apr may,Awirilikalo ni Mɛkalo
apr may jun,"Awirilikalo, Mɛkalo ni Zuwɛnkalo"
April,awirilikalo
Archives,sɛbɛnmarayɔrɔ
area,yɔrɔ
Area of turbulence,ɲagami yɔrɔ
"Area, domain","yɔrɔ, domani"
arid semiarid,jalen ani jalen-dɔgɔya
around,dafɛ
Arpege (NWP model),ARPEGE (NWP modɛli)
Arranged,Labɛnna
articles governed applicable,barokun minnu bɛ mara minnu bɛ tali kɛ
asia north,azi woroduguyanfan fɛ
asia north africa,azi worodugu-afiriki
aspect,fan
"Assemble, gather","Aw ka ɲɔgɔn lajɛn, ka ɲɔgɔn lajɛ"
assess,ka jateminɛ
assessing security implications,lakana nɔfɛkow jateminɛni
assessment,jateminɛli
assessment climate change,jateminɛ kɛli waati yɛlɛma na
assessment report,jateminɛ rapɔri
assessment report intergovernmental,jateminɛ rapɔɔri gɔfɛrɛnamanw ni ɲɔgɔn cɛ
assessment tool swat,jateminɛ baarakɛminɛn swat
Association,Tɔn
Atlantic,Atlantiki
atlantic ocean,Atlantiki kɔgɔjiba
atlantic oscillation,Atlantiki-yɔrɔ-yɛrɛyɛrɛ
atmos chem phys,Atmospheric Chemistry and Physics
atmosphere,fiɲɛbɔyɔrɔ
atmospheric,fiɲɛbɔyɔrɔko
atmospheric circulation,fiɲɛbɔyɔrɔ kɔnɔ fiɲɛ bolili
attribute,taamasiyɛn / jogo
aug sep,awirilikalo sep
aug sep oct,"Utikalo, Sɛtanburukalo ni Ɔkutɔburukalo"
august,utikalo
august september,Utikalo ni Sɛtanburukalo
Authority,Fanga
Autumn,ɔtɔn waati
availability,sɔrɔli
available,bɛ sɔrɔ
Average,cɛmancɛ hakɛ
average annual,san o san cɛmancɛ hakɛ
Average growth period,bonya kuntaala cɛmancɛ
average rainfall,sanjiko cɛmancɛ hakɛ
Axis,dakɔrɔ / aksɛ
Backwater,Kɔfɛji
Balanced,Balannen
Band of clouds,sankaba juru
Barometer,baromɛtiri
baseline,daminɛ hakɛ
baseline climate,daminɛ waati cogoya
baseline period,daminɛ kuntaala
basin,jidagayɔrɔ
basin west,jidagayɔrɔ tilebin fɛ
basin west africa,Tilebin Afiriki jidagayɔrɔ
basis contribution,basigi bolomafara
basis contribution working,basigi bolomafara baara
Before,Fɔlɔ
behavior,jogo
benefit,tɔnɔ
better,fisa
bia,Bia
Biannual (six-monthly),kalo wɔɔrɔ o kalo wɔɔrɔ
bias correction,bilasirali latilenni
Binoculars,yɔrɔjan yelenminɛnan
biodiversity,ɲɛnamafɛn suguyaw camanya
Birds,Kɔnɔw
Boundary,Danyɔrɔ
boundary conditions,dancɛ cogoyaw
Bowl,Tasa
"Bowl, container","Tasa, minɛn"
box,buwati
Breach,Ka kari
breed,ka lamara
Bridge,Pɔn
Broken bridge,Pont karilen
bulletin meteo,metewo bulɛtɛni
burkina,burkina
burkina faso,burkina faso
burkina faso hinari,burkina faso hinari
Bush fire,kɔgɔ tasuma
calibration validation,kalibireli ni tiɲɛni
cambridge,kambɔrɔ
cambridge united kingdom,cambridge jamana kelen-kelen bɛɛ
cambridge university,cambridge inivɛrisite la
cape,kapi
Caption,ja kɔrɔfɔli
carbon,karibɔni
carbon dioxide,karibɔni diyɔkisidi (CO₂)
carbon sequestration,karɔbɔni minɛni
case studies,ko kɛlenw sɛgɛsɛgɛli
case study,ko kɛlenw sɛgɛsɛgɛli
Cash crop,Wari sɛnɛfɛn
"Casualties, victims","Mɔgɔ minnu fagara, mɔgɔ minnu tɔɔrɔla"
catchment,jidagayɔrɔ
Caterpillar,Kɔnɔnafili
central,cɛmancɛ la
central africa,Cɛmancɛ Afiriki
cereal root tuber,"suman, ju ni tubɛri sɛnɛfɛnw"
change,ka yɛlɛma
change adaptation,yɛlɛma ladamuni
change adaptation mitigation,yɛlɛma ladamuni ni nɔ dɔgɔyali
change africa,afiriki caman yɛlɛma
change agricultural,sɛnɛko yɛlɛma
change agriculture,sɛnɛko yɛlɛma
change agriculture food,sɛnɛfɛnw caman cili
change agroecosystems,sɛnɛfɛnw sɛnɛcogo yɛlɛma
change cambridge,fɛn yɛlɛma cambridge
change cambridge university,fɛn yɛlɛma cambridge inivɛrisite la
change climate,waati cogoya yɛlɛma
change climate change,waati yɛlɛma fɛn yɛlɛma
change climate variability,fɛn caman b’a la ka ɲɔgɔn falen-falen waati cogoya caman na
change food,dumuni caman cili
change food security,dumuniko lakanani yɛlɛma
change global,fɛn yɛlɛma global
change impact,yɛlɛma nɔ
change impacts,fɛn caman b’a la ka fɛn yɛlɛma
change impacts adaptation,yɛlɛma nɔw ni ladamuni
change impacts kenyas,bɛnkan bɛ nɔ bila kenya jamanaw na
change ipcc,fɛn yɛlɛma ipcc
change mitigation,yɛlɛma nɔ dɔgɔyali
change physical,fɛn yɛlɛma farikolo la
change physical science,fɛnɲɛnɛmako dɔnniya yɛlɛma
change scenarios,yɛlɛma senariyow
change signal,yɛlɛma taamasiyɛn
change variability,yɛlɛma ɲɔgɔn ma
change water,ji caman cili
change water resources,jiko nafolo caman caman cili
change west,yɛlɛma tilebin ma
change west africa,yɛlɛma tilebin-afiriki ma
changes,yɛlɛmaw
changes climate,bɛ waati cogoya yɛlɛma
changes precipitation,bɛ sanjiko yɛlɛma
changes rainfall,bɛ sanjiko yɛlɛma
changes temperature,bɛ funteni yɛlɛma
changing climate,waati cogoya min bɛ yɛlɛma
Characteristic,taamasiyɛn
Chart,Sɛbɛn
circulation,bolili
circulation models,sɛgɛsɛgɛli kɛcogo misaliw
Clear (sky),sankolo jɛlen
climate,waati cogoya (waati jan kɔnɔ)
climate adaptation,waati cogoya ladamuni
climate change,waati yɛlɛma
climate change adaptation,waati yɛlɛma ladamuni
climate change adapted,waati yɛlɛma bɛrɛbɛnna
climate change africa,waati yɛlɛma afiriki
climate change agricultural,waati yɛlɛma sɛnɛko
climate change agriculture,waati yɛlɛma sɛnɛko
climate change agroecosystems,waati yɛlɛma agroikositɛmuw
climate change cambridge,waati yɛlɛma kampo
climate change climate,waati yɛlɛma waati cogoya
climate change crop,waati yɛlɛma sɛnɛfɛn
climate change effects,waati yɛlɛma nɔfɛkow
climate change food,waati yɛlɛma dumuni
climate change global,waati yɛlɛma diɲɛ kɔnɔ
climate change impact,waati yɛlɛma nɔ
climate change impacts,waati yɛlɛma nɔw
climate change ipcc,waati yɛlɛma ipcc
climate change likely,waati yɛlɛma bɛ se ka kɛ
climate change maize,waati yɛlɛma ɲɔ
climate change may,waati yɛlɛma bɛ se ka kɛ
climate change physical,waati yɛlɛma farikolo la
climate change projections,waati yɛlɛma jateminɛw
climate change research,waati yɛlɛma ɲininiw
climate change scenario,waati yɛlɛma senariyo
climate change scenarios,waati yɛlɛma senariyow
climate change signal,waati yɛlɛma taamasiɲɛ
climate change variability,waati yɛlɛma caman ɲɔgɔnna yeli
climate change water,waati yɛlɛma ji
climate change west,waati yɛlɛma tilebin fɛ
climate changes,waati yɛlɛmaw
climate conditions,waati cogoyaw
climate data,waati cogoya kunnafoniw
Climate dependant,A bɛ tali kɛ waati cogoya la
climate dynamics,waati cogoya sɛgɛsɛgɛli
climate extremes,waati cogoya dantɛmɛnenw
Climate forecast,waati cogoya ɲɛfɔli
climate impact,waati cogoya nɔ
climate impacts,waati cogoya nɔfɛkow
climate information,waati cogoya kunnafoniw
climate model,waati cogoya modɛli
climate models,waati cogoya modɛliw
climate policy,waati cogoya politiki
climate research,waati cogoya ɲinini
climate scenario,waati cogoya cogoya
climate scenarios,waati cogoya senariyow
climate simulations,waati cogoya simulatigɛw
climate system,waati cogoya sistɛmu
climate trends,waati cogoya taabolo
climate variability,waati cogoya falen-falenni
climate variability change,waati cogoya caman ɲɔgɔnna yeli
climate variability climate,waati cogoya caman ɲɔgɔnna yeli waati cogoya
climate variability crop,waati cogoya caman ɲɔgɔnna sɛnɛfɛn
climate variables,waati cogoya fɛn falen-falenw
climatic,waati jan kɔnɔ waati cogoyako
climatic change,waati yɛlɛma
climatic changes,waati yɛlɛmaw
climatic conditions,waati cogoyaw
climatic variability,waati cogoya falen-falenni
climatic variables,waati cogoya fɛn falen-falenw
climatic zones,waati cogoya yɔrɔw
close,ka datugu
Cloud mass,sankaba kulu
Cloud system,sankaba sistɛmu
Cloudy to overcast,sankaba ka ca fo sankolo datugulen
coast,kɔgɔjida
coastal,kɔgɔjidako
Coasts,kɔgɔjidaw
cocoa output,kakawo bɔli
cocoa production,kakawo bɔli
Cold,Nɛnɛ
Cold season,nɛnɛ waati
Collaboration,Baarakɛɲɔgɔnya
Colours,Kulɛriw
commons license,Creative Commons lase
communities,sigidaw
community,sigida
Compared to,Ni i y’a suma ni
comparison,ɲɔgɔn suma
Compass,fan-jiralan
concrete structure,bɛton jɔcogo
conditions,cogoyaw
considered,a kɛ i na fɔ
consumption,dunmuli
contain,ka ku
context,ko kɛcogo
contribution working,bolomafara baara
contribution working group,bolomafara baarakɛjɛkulu
convergence zone,yɔrɔ min bɛ ɲɔgɔn sɔrɔ
Cool,Suma
Coolness,Nɛnɛ bɛ kɛ
Cooperatives,Koperatifu minnu bɛ yen
copyright royal meteorological,copyright masakɛ ka meteorologie
countries west,jamanaw tilebin fɛ
countries west africa,jamanaw farafinna tilebin fɛ
Country,Jamana
coupled model,modɛli faralen ɲɔgɔn kan
cover,ka datugu
Craftsmen,Bololabaarakɛlaw
creative commons,daɲɛw labɛncogo jɛlenw
creative commons attribution,Creative Commons tɔgɔ fɔli
creative commons license,Creative Commons lase
crop,sɛnɛfɛn
crop diversification,sɛnɛfɛnw suguya caman sɔrɔli
crop failure,sɛnɛfɛnw dɛsɛ
crop growth,sɛnɛfɛnw falenni
crop management,sɛnɛfɛnw marali
crop model,sɛnɛfɛnw modɛli
crop models,sɛnɛfɛnw misaliw
crop production,sɛnɛfɛnw sɛnɛni
crop productivity,sɛnɛfɛnw sɔrɔli
crop varieties,sɛnɛfɛn suguyaw
crop yield,sɛnɛfɛn sɔrɔta
crop yields,sɛnɛfɛn sɔrɔtaw
cropping systems,sɛnɛfɛnw sɛnɛcogo
crops,sɛnɛfɛnw
crops research,sɛnɛfɛnw ɲinini
current climate,sisan waati cogoya
cycle,sikili
Côte d’Ivoire,Worodugu (Côte d’Ivoire)
Daily,Don o don
daily precipitation,don o don sanjiko hakɛ
daily rainfall,don o don sanjiko hakɛ
Dam,Barazi
Damage,Ka tiɲɛ
data,kunnafoniw
data available,kunnafoniw bɛ sɔrɔ
data collected,kunnafoniw lajɛra
data set,kunnafonikulu
data sets,kunnafonikuluw
dataset,kunnafonikulu
date,don
days,tile
Daytime,tile waati
De-forestation,kɔgɔ tigɛli
Decade,san tan
December,desanburukalo
decision making,latigɛw kɛli
Decline,Ka ban
decrease,ka jigin
decrease rainfall,ka dɔ bɔ sanjiko la
Deficit,Dɛsɛ
degradation food,tiɲɛni dumuni
Degree,degere
Dense,ka den
Dense forest,Kungo kɔnɔ min ka bon
density,denya
Department,Depariteman
description,ɲɛfɔli
Desert,Cɛncɛnkungo
desertification land,kungo-kɔnɔ-dugukolo
detail,faranfasiyali
detect,ka dɔn / ka ye
developing countries,jamana yiriwalenw
development,yiriwali
Dew,ngomi
DGM now ANAM (National Agency for Civil Aviation and Met),"DGM, sisan ANAM (Jamana ka Awiyɔn Sivilɛ ni Metewo Ajansi)"
Difference,Danfara
Disaster,balawu
disaster risk,balawu farati
distribution,ɲinli
district,distriki
divers,suguyaw
document,sɛbɛn
domain,domani
Downstream,Jiginni na
drought,ja
drought heat,ja funteni funteni
drought heat tolerance,ja funteni muɲuni
drought tolerance,ja muɲuni
droughts,jaw
dry,jalen
dry conditions,jalen cogoyaw
dry days,tile jalenw
dry period,jalen waati
dry season,jalen waati
dry spell,ja waati surun
dry spells,ja waati surunw
dry years,san jalenw
due,sarata
due climate,ka kɛɲɛ ni waati cogoya ye
due climate change,ka da waati yɛlɛma kan
Duration,kuntaala janya
During,Senfɛ
dust,buguri
Early arrival (season),waati nali joona
Early drying up,A bɛ ja joona
Early end (to the season),waati laban joona
Early start,daminɛ joona
early warning,lasɔmini joona
early warning systems,lasɔmini joona sistɛmuw
earth system,dugukolo sigicogo
Earthing up,ka bɔgɔ caya sɛnɛfɛn sen na
Earthquake,Dugukoloyɛrɛyɛrɛ
East,kɔrɔn
east africa,Kɔrɔn Afiriki
east african,farafinna kɔrɔnyanfan fɛ
east region,kɔrɔnfɛla mara la
easterly jet,kɔrɔnfɛla jet
eastern,kɔrɔnyanfan
eastern africa,Kɔrɔn Afiriki
Eclipse,tile walima kalo datuguli
ecological,ekoloziko
economic development,sɔrɔ yiriwali
economic growth,sɔrɔ yiriwali
ecosystem,ekosisitɛmu
ecosystem services,ekosisitɛmu ka nafaw
ecosystembased adaptation,ekosisitɛmu kan sinsinnen ladamuni
ecosystems,ekosisitɛmuw
eds cambridge university,eds cambridge inivɛrisite la
eds climate change,eds waati yɛlɛma
effect,nɔ
effect climate,nɔ bila waati cogoya la
effect climate change,waati yɛlɛma nɔ
effects,nɔw
effects climate,bɛ nɔ bila waati cogoya la
effects climate change,waati yɛlɛma nɔw
effects climate variability,bɛ nɔ bila waati cogoya caman ɲɔgɔnnabɔli la
effort,seko
element,fɛn
Elevation,Kɔrɔtacogo
Embankment,bɔgɔ dancɛ / barazi
Emergency services,Kɔrɔtɔko baaradaw
emission scenarios,fɛnɲɛnamafagalanw bɔli cogoyaw
emissions,gaz bɔli
Enclosure,dakun datugulen
End,Laban
end century,san kɛmɛ laban na
End of season,waati laban
Endangered species,ɲɛnamafɛn suguya minnu bɛ tunun farati la
energy,fanga
ensemble mean,jɛkulu cɛmancɛ hakɛ
environ,lamini na
environ res lett,lamini res let
environment,lamini
environmental,laminiko
environmental change,lamini yɛlɛma
environmental conditions,lamini cogoyaw
Equator,ekuwatɛri
equatorial atlantic,Atlantiki ekuwatɛri yɔrɔ
Equivalent,Ɲɔ̀gɔn
Erosion,dugukolo bɔli ji ni fiɲɛ fanga la
especially,kɛrɛnkɛrɛnlenyala
essential,nafamaba
Estimation,Jateminɛ kɛli
europe,erɔpu jamana na
european,erɔpukaw ka
Evaporation,ji bɔli ka taa fiɲɛ kɔnɔ
even,hali
event,lajɛrɛ
events,ko kɛlenw
evidence,seereya
evolution,ɲɛtaga
example,misaliya
Excess rainfall,sanjiko hakɛ tɛmɛnen
expected increase,dɔ farali makɔnɔnen don
Expert,Dɔnnibaga
explain,ka ɲɛfɔ
Explanation,Ɲɛfɔli
exposure,farati ɲɛkɔrɔ sigili
extreme,dantɛmɛnen
extreme events,ko kɛlenw minnu ka jugu kosɛbɛ
extreme rainfall,sanjiba min bɛ na kosɛbɛ
Extreme temperatures,funteni hakɛ dantɛmɛnenw
extreme weather,waati cogoya dantɛmɛnen
extreme weather events,waati cogoya dantɛmɛnenw
face,ɲɛda
factors,sababu fɛnw
Fair,Fisa
Fall (water),ji binni
fao,fao
Far,Jan
farm,foro
farm households,foro duw kɔnɔ
farmer,sɛnɛkɛla
farmers,sɛnɛkɛlaw
farmers perceptions,sɛnɛkɛlaw ka hakilinaw
farmers perceptions climate,sɛnɛkɛlaw ka faamuyali waati cogoya
farming,sɛnɛko
Farming confederation,Sɛnɛko jɛkulu
farming systems,sɛnɛko siratigɛw
features,suguya
feb mar,Fewuruyekalo ni Marisikalo
feb mar apr,"Fewuruyekalo, Marisikalo ni Awirilikalo"
February,fewuruyekalo
fertility,den sɔrɔli
fertility management,bangekɔlɔsi fɛɛrɛw ɲɛnabɔli
Fertilizer,dugukolo nafafɛn
Few (amount of cloud),sankaba dɔɔni
field crops,foro sɛnɛfɛnw
field crops res,foro sɛnɛfɛnw res
field crops research,foro sɛnɛfɛnw ɲinini
fifth assessment report,jateminɛ rapɔɔri duurunan
figure,jateden
figure mean,jateden kɔrɔ ye
first,fɔlɔ
Fishermen,Mɔnikɛlaw
Fishery resources,Jɛgɛko nafolomafɛnw
Flaw,dɛsɛ
Flight,Awiyɔn
flood,jiwalankata
Flood prone areas,yɔrɔ minnu bɛ jiwalankata farati la
Floodlike rain,sanjiba min bɛ se ka jiwalankata lase
Floodwater subsiding,jiwalankata ji dɔgɔyali
flow,sooro
Fog,bugun
food,dumuni
food agriculture,balosɛnɛko
food agriculture organization,balosɛnɛ jɛkulu
food crops,dumuni sɛnɛfɛnw
food insecurity,dumuniko gɛlɛya
food policy,dumuniko politiki
food policy research,dumuniko politiki ɲininiw
Food preservation,Dumuni maracogo
food production,dumuni dilanni
food security,dumuni lakanani
forcing,ka wajibiya
Forecast,ɲɛbila
Forecasters,ɲɛbilalikɛlaw
forest,kɔgɔ
forest management,kɔgɔ marali
forests,kɔgɔw
format,cogoya la
Foundations,Jusigilanw
four,naani
fourth assessment,jateminɛ naaninan
fourth assessment report,jateminɛ rapɔɔri naaninan
framework,labɛncogo
Friday,Juma
Frog,Ntori
Full moon,Kalo dafalen
furthermore,ani fana
future,sini
future changes,fɛn nataw b’a la ka fɛn yɛlɛmas
future climate,sini waati cogoya
future climate change,sini waati yɛlɛma
future climate scenarios,sini waati cogoya senariyow
gap,furancɛ
gas emissions,gaz bɔli
gender,cɛnimusoya
general circulation,caman-caman-ci-cogo
general circulation model,bolili jɛlen modɛli
general circulation models,jɛnɛya-sɛbɛncogo misaliw
generally,bakurubala
genetic,jenɛtiki ye
geography,dugukoloko dɔnniya
geophys res,geophys res
geophysical research,dugukoloko ɲininiw
geophysical research letters,dugukoloko ɲinini sɛbɛnw
ghana,Gana
ghana burkina faso,ghana burkina faso
GHG,GHG
ghg emissions,GHG gazw bɔli
given,dilen
global,diɲɛ bɛɛ
global change,diɲɛ kɔnɔ fɛn yɛlɛma
global change biology,diɲɛ fɛn yɛlɛma biologie
global climate,diɲɛ bɛɛ ka waati cogoya
global climate change,diɲɛ bɛɛ ka waati yɛlɛma
global climate models,diɲɛ kɔnɔ waati cogoya misaliw
global environmental,diɲɛ sigida laminiko
global environmental change,diɲɛ bɛɛ ka lamini yɛlɛma
global regional,diɲɛ marabolodalen
global warming,diɲɛ funteni cayali
goal,ka bi don
good,duman
Government,Gofɛrɛnaman
GPS,GPS
grain yield,suman sɔrɔta
grain yields,suman sɔrɔta
Grass,Bin
Grass border,Bin dancɛ
green,binkɛnɛ
Greenery,Gɛrɛnɛrɛ
greenhouse,serili-yɔrɔ
greenhouse gas,funteni maragazi
greenhouse gas emissions,funteni maragaziw bɔli
greenhouse gases,funteni maragaziw
Ground,Dugukolo
Ground cover,Dugukolo datugucogo
Ground water,dugu jukɔrɔji
groundwater,dugu jukɔrɔji
groundwater level,dugu jukɔrɔji hakɛ
groundwater recharge,dugu jukɔrɔji falenni
group,jɛkulu
group fourth assessment,kulu ka jateminɛ naaninan
growing season,sɛnɛ bonya waati
growth,jiidiya
Growth period,bonya kuntaala
Guides,Gafew ɲɛminɛbagaw
guinea coast,ginɛ kɔgɔjida la
guinean coast,gine kɔgɔjida la
gulf guinea,Ginɛ golfe
Hail,sanji nɛnɛkisɛ
Half-day,Tile tilancɛ
handbook climate,gafe ɲɛminɛcogo waati cogoya
handbook climate change,gafe min bɛ wele ko waati yɛlɛma
Harmattan,harmatan fiɲɛ
Harvest,suman tigɛli
health,kɛnɛya
heat,funteni
heat stress,funteni degun
heat tolerance,funteni muɲuni
heavy rainfall,sanjiko fanga ka bon
Hemisphere,diɲɛ tilancɛ
Herbaceous,Binw bɛ sɔrɔ a la
"Herd, flock","Sagakulu, sagakulu"
high confidence,dannaya bon
high rainfall,sanjiba bɛ na
high temperature,funteni hakɛ bon
higher,ka tɛmɛ o kan
highest,a ka bon kosɛbɛ
highly,ka bon kosɛbɛ
Hills,Kuluw
historical,tariku kɔnɔ
historical climate,tariku waati cogoya
historical period,tariku waati
history,tariku
Horizon,sankolo ni dugukolo bɛn yɔrɔ
Host,Jatigi
Hour,Lɛrɛ
household,somɔgɔw
human,hadamaden
human activities,hadamadenw ka baara kɛtaw
human security,hadamadenw ka lakana
human systems,hadamadenw ka sigidakow
humidity,ji hakɛ fiɲɛ kɔnɔ
Humidity difference,fiɲɛ kɔnɔ ji hakɛ danfara
Hurricane (tropical cyclone),uragani (siklɔn toropikali)
Hydraulic building,Jibolisiraw jɔli
Hydroelectric dam,Ji-kuran barazi
hydrological,jiko siratigɛ la
hydrological cycle,ji sikili
hydrological model,jiko misali ye
hydrological models,jiko misaliw
hydrological sciences journal,jiko dɔnniya gafe
hydrology,jiko dɔnniya
Hygrometer,fiɲɛ kɔnɔ ji hakɛ sumanikɛlan
impact,nɔ
impact climate,nɔ bila waati cogoya la
impact climate change,waati yɛlɛma nɔ
impact climate variability,nɔ bila waati cogoya caman ɲɔgɔnnabɔli la
impact studies,nɔ bilali kalanw na
impacts,nɔw
impacts adaptation,bɛ nɔ bila ladamuni na
impacts adaptation vulnerability,bɛ nɔ bila ladamuni nɔgɔya la
impacts climate,bɛ nɔ bila waati cogoya la
impacts climate change,waati yɛlɛma nɔw
impacts climate variability,bɛ nɔ bila waati cogoya caman ɲɔgɔnnabɔli la
impacts global,bɛ nɔ bila diɲɛ kɔnɔ
impacts kenyas agricultural,nɔ bila kenya sɛnɛko la
imperial college press,imperial college ka sɛbɛnnikɛlan
implications climate,waati cogoya nɔfɛkow
implications climate change,a nɔfɛkow waati yɛlɛma na
important,nafama
important role,jɔyɔrɔ nafama
improve,ka fisaya
improvement project agmip,ɲɛtaa poroze agmip
In between,O cɛma
In deficit,dɛsɛ kɔnɔ
In places,Yɔrɔ dɔw la
including,i n'a fɔ
income,sɔrɔ
increase,ka caya
increase precipitation,dɔ fara sanjiko kan
increase rainfall,dɔ fara sanji kan
increase temperature,funteni hakɛ cayali
increased,layɛlɛlen
increasing trend,cayali taabolo
index,hakɛjiralan
indian ocean,Endi kɔgɔjiba
indicator,taamasiyɛn
indicators,taamasiyɛnw
industrial,izini
Industry,Ɛndisiri
Infiltration,ji donni dugukolo kɔnɔ
influences,nɔ bilali la
information,kunnafoni
infrastructure,inifirasitirikiti
innovation,inowasiyɔn
input data,donanw doncogo
Insects,Fɛnɲɛnɛmaw
Instability,basigibaliya
institute security studies,lakana kalanw sigi sen kan
Instruments enclosure,Minɛnw dabɔcogo
int environ res,int lamini na
Intensification (rain),sanjiko fanga cayali
Intensity,fanga hakɛ
Inter tropical front,tropikaw cɛ fronti
Interannual,san o san ni ɲɔgɔn cɛ
interannual variability,sanw ni ɲɔgɔn cɛ fɛn caman ɲɔgɔnnabɔli
interannual variability rainfall,san ni ɲɔgɔn cɛ fɛn caman ɲɔgɔn falen-falen sanji
intercomparison improvement project,ɲɔgɔndan ɲɛtaa porozɛ
intergovernmental panel,gɔfɛrɛnamanw ni ɲɔgɔn cɛ jɛkulu
intergovernmental panel climate,gɔfɛrɛnamanw ni ɲɔgɔn cɛ panɛli waati
international development,diɲɛ yiriwali siratigɛ la
international food,diɲɛ dumuniw
international food policy,diɲɛ jamanaw ka dumuniko politiki
international journal,diɲɛ kɔnɔ gafe dɔ
international journal climatology,International Journal of Climatology
intertropical convergence zone,tropikaw cɛ bɛn yɔrɔ (ITCZ)
Intervention,dɛmɛni / waleyali
intraseasonal variability,waati kɔnɔ fɛn caman ɲɔgɔnna caman ɲɔgɔnna
Invisibility,Yebali
ipcc climate,ipcc waati cogoya
ipcc climate change,ipcc waati yɛlɛma
Irrigation,sɛnɛ ji la
irrigation water,jiko ji
Isolated outbreaks of rain/thunder,Sanji/sanpɛrɛn bɔli yɔrɔ kelen na
itf latitude,ITF latitidi
ivory coast,Worodugu (Côte d’Ivoire)
jan feb,Zanwuyekalo ni Fewuruyekalo
jan feb mar,"Zanwuyekalo, Fewuruyekalo ni Marisikalo"
January,zanwuyekalo
john wiley sons,john wiley denkɛw
journal arid environments,Journal of Arid Environments
journal climate,zurunali waati cogoya
journal climatology,gafe kɔnɔ min bɛ wele ko climatologie
journal geophysical,gafe min bɛ wele ko geophysique
journal geophysical research,gafe kɔnɔ dugukoloko ɲininiw
journal hydrology,gafe kɔnɔ jiko dɔnniya
jul aug,jul awirilikalo tile 15
jul aug sep,jul awirilikalo sɛtanburukalo
July,zuluyekalo
july august,Zuluyekalo ni Utikalo
july august september,"Zuluyekalo, Utikalo ni Sɛtanburukalo"
jun jul,Zuwɛnkalo ni Zuluyekalo
jun jul aug,jun jul awirilikalo tile 15
June,zuwɛnkalo
june july,Zuwɛnkalo ni Zuluyekalo
june july august,"Zuwɛnkalo, Zuluyekalo ni Utikalo"
june september,Zuwɛnkalo fo Sɛtanburukalo
keywords climate change,daɲɛ kolomaw waati yɛlɛma
km/h,Km/hr
knowledge,dɔnniya
knowledge climate change,dɔnniya waati yɛlɛma
known,lakodonnen
lake,dala
Lake arm,dala bolo
lake chad,Cad dala
Lake water,dala ji
land,dugukolo
land area,dugukolo yɔrɔ
land cover,dugukolo datugucogo
land degradation,dugukolo tiɲɛni
land surface,dugukolo sanfɛ
land use,dugukolo baaracogo
land use change,dugukolo baaracogo yɛlɛma
land use changes,dugukolo baaracogo yɛlɛmaw
land water,dugukolo kan ji
Landing,Jiginni
landscape,dugufɛrɛ
large,belebeleba
large scale,skala belebeleba
last,laban
Last 24 hours,Lɛrɛ 24 labanw
last years,san tɛmɛnnenw na
late,lɛrɛ kɔfɛ
Late arrival (season),waati nali kɔfɛ
late century,san kɛmɛ labanw na
Late end (to the season),waati laban kɔfɛ
Late start,daminɛ kɔfɛ
Latitude,latitidi
Layers (of groundwater),dugu jukɔrɔji layɛriw
Layout,Labɛn cogo
Leader,Ɲɛmɔgɔ
least,a ka dɔgɔn bɛɛ
length growing,janya bɛ bonya
length rainy season,sanji waati janya
level,hakɛya
level rise,nivo wulilen
levels,hakɛyɔrɔw
life,ɲɛnamaya
Lightning,sanpɛrɛn yeelen
Lightning bolt,Sanpɛrɛn bɔgɔdaga
linear regression,kɔsegin linɛri
linear trend,taabolo tilennen
Liquid,Jimafɛn
live,ka balo
livelihood,balo sɔrɔcogo
livestock,baganmara
Livestock farmer,Baganmarala
local,sigida ka
Local conditions,Sigida cogoyaw
Local drought,sigida ja
local knowledge,sigida dɔnniya
Local radio,Sigida arajo
Locality,sigida
Location,sigiyɔrɔ
Locust,Ntumuw
long,jan
Long growth period,bonya kuntaala jan
long rains,sanji janw bɛ na
long term,waati jan kɔnɔ
Long-awaited rain,sanji min makɔnɔna waati jan
long-term,waati jan kɔnɔ
Longitude,lɔngitidi
longterm mean,kuntaalajan kɔrɔ
Loss-making trend,Tɔnɔw sɔrɔli cogoya
low,dɔgɔman
Low cloud,Sankaba dɔgɔmannin
Low to moderate,dɔgɔman fo ka se cɛmancɛ ma
Lowest level (river bed),ba da hakɛ min ka dɔgɔn
Lull,fanga dɔgɔyali waati
made,dilan
Magnifying glass,fɛn bonya yelenminɛnan
maize,kaba
maize millet,mangoro sɔgɔlen
maize production,mangoro sɛnɛni
maize sorghum,mangoro sɔgɔlen
maize yield,kaba sɔrɔta
maize yields,kaba sɔrɔtaw
major,fanba
malaria transmission,sumayabana jɛnsɛnni
management,marali
management practices,ɲɛnabɔli kɛcogoyaw
management strategies,ɲɛnabɔli fɛɛrɛw
Manure,nɔgɔ
map,karti
mar apr may,"Marisikalo, Awirilikalo ni Mɛkalo"
March,marisikalo
market,sugu
Maximum,hakɛ min ka bon
maximum temperature,funteni hakɛ min ka bon
May,mɛkalo
may jun,ka se jun
may jun jul,"Mɛkalo, Zuwɛnkalo ni Zuluyekalo"
may june,Mɛkalo ni Zuwɛnkalo
mean,cɛmancɛ hakɛ
mean annual,kɔrɔ ye san o san
mean annual precipitation,sanji hakɛ kɔrɔ ye san o san
mean annual rainfall,san o san sanjiko cɛmancɛ hakɛ
mean annual temperature,san funteni hakɛ kɔrɔtalen
mean monthly,kɔrɔ ye kalo o kalo
mean precipitation,sanjiko cɛmancɛ hakɛ
mean rainfall,sanjiko cɛmancɛ hakɛ
mean standard deviation,cɛmancɛ hakɛ ni hakɛw bɔɲɔgɔnna
mean temperature,funteni cɛmancɛ hakɛ
mean values,nafaw kɔrɔlenw
mean yield,sɔrɔli kɔrɔ ye
Measures,Fɛɛrɛw
mechanism,fɛɛrɛ min bɛ kɛcogo jira
mediterranean sea,mediterane kɔgɔji ye
medium,cɛmancɛ
medium confidence,dannaya cɛmancɛ
Message,Bataki
meteorological society,meteworolozi jɛkulu
meteorological society int,metewo dɔnniya jɛkulu int
meteorology,meteworolozi (waati cogoya dɔnniya)
Meter,mɛtiri
method,kɛcogo
methodology,fɛɛrɛbɔcogo
methods,fɛɛrɛw
Mid-Season,Sezon cɛmancɛ la
Midday,tilema
might,a tun bɛ se
migration,mɔgɔw ka bɔnɔgɔla
milk,nɔnɔ
millet,saɲɔ
millet sorghum,sɔgɔsɔgɔninjɛ min bɛ kɛ ni shɔ ye
Millimetre,Milimɛtiri
mineral dust,minɛnw buguri
Mineral fertilizer,minɛral nafafɛn
minimum,hakɛ min ka dɔgɔn
minimum maximum,hakɛ dɔgɔman ni hakɛ bon
minimum temperature,funteni hakɛ min ka dɔgɔn
Mist,bugun misɛn
mitigation,nɔ dɔgɔyali
mitigation adaptation,ladamuni min bɛ kɛ ka fɛnw nɔgɔya
mitigation potential,seko ni dɔnko nɔgɔyali
Mixing,ɲagami
model,modɛli
model intercomparison,modɛliw ni ɲɔgɔn cɛ danfara
model results,modeli sɔrɔlenw
model simulations,modɛli simulasiyɔnw
model used,modɛli min bɛ baara kɛ
modelling,modɛli dilanni
models,modɛliw
Moderate,cɛmancɛ
Moderate intensity,fanga cɛmancɛ
Moderate to heavy (rain),sanjiko cɛmancɛ fo ka se fanga bon ma
Modification,yɛlɛma donna
moisture,jisuma
moisture flux,ji wulicogo
moisture transport,jisuma tacogo
mon weather rev,mon waati rev
Monday,Tɛnɛ
monsoon,musɔni fiɲɛ waati
Monsoon intensification,musɔni fanga cayali
monsoon onset,musɔni waati daminɛ
monsoon season,musɔni waati
Monsoon wind regime,musɔni fiɲɛ cogoya
month,kalo
monthly,kalo o kalo
monthly mean,kalo o kalo hakɛ
monthly precipitation,kalo o kalo sanjiko hakɛ
monthly rainfall,kalo o kalo sanjiko hakɛ
monthly weather review,kalo o kalo waati jateminɛ
months,kalow kɔnɔ
Moon,Kalo
moreover,ani fana
Morning,Sɔgɔma
Most of the country,Jamana fanba
Mould,wugu
Mountain,Kuluba
much,caman
Mud,bɔgɔ
Mushrooms,Ɲɛgɛnw
name,tɔ̀gɔ
nation,jamana
national climate change,jamana ka waati yɛlɛma
national level,jamana kɔnɔ
natural,yɛrɛma
natural resource,yɛrɛma nafolomafɛn
natural resources,yɛrɛma nafolomafɛnw
nature,yɛrɛma
nature climate,sigida waati cogoya
need,mago
negative impact,nɔ jugu
negative impacts,nɔ juguw
negative impacts climate,nɔ juguw bɛ nɔ bila waati cogoya la
Nest,Ɲaa
network,erezo
Neutral,fan si ma
Next 24 hours,Lɛrɛ 24 nataw kɔnɔ
niger river,nizɛri baji
niger river basin,Nizɛri ba ka jidagayɔrɔ
nigeria,nizeriya jamana na
nioro rip,nioro rip ye
Norm,hakɛ sariya
Normal trend,taabolo kɛrɛnkɛrɛnnen
North,saheli
north africa,Saheli Afiriki
north atlantic oscillation,worodugu atlantiki jiginni
north south,worodugu fɛ saheli fɛ
North star,Worodugu dolow
northern,saheliyanfan
northern africa,Saheli Afiriki
northern ghana,ghana woroduguyanfan fɛ
northern hemisphere,diɲɛ saheli tilancɛ
northern part,worodugu fan fɛ
November,nowanburukalo
Number,Nimɔrɔ
number rainy days,sanji tilew hakɛ
Néré (tree),nɛrɛ (jiri)
observation,kɔlɔsili
observed,kɔlɔsilen
observed data,kunnafoniw kɔlɔsilenw
observed rainfall,sanjiko kɔlɔsilen
occurrence,ko kɛlen
ocean,kɔgɔjiba
Oceans,Kɔgɔjiw
oct nov,Ɔkutɔburukalo ni Nowanburukalo
October,ɔkutɔburukalo
october november,Ɔkutɔburukalo ni Nowanburukalo
Off season,waati kɔfɛ sɛnɛ
offer,nini / juru
one hand,bolo kelen
one year,san kelen
online,ɛntɛrinɛti kan
online library,ɛntɛrinɛti gafemarayɔrɔ
online library rules,ɛntɛrinɛti gafemarayɔrɔ sariyaw
onset,daminɛ
onset rainy,daminɛ sanji
onset rainy season,sanjiko daminɛ waati
open,ka dayɛlɛ
open access,da wulilen don
opportunity,kunnandiya
order,ci
Organic fertilizer,nɔgɔ nafafɛn
"Organic fertilizer (manure, compost)","nɔgɔ nafafɛn (nɔgɔ, kɔmpɔsi)"
Organic manure,nɔgɔ
organic matter,fɛnɲɛnamafɛn bɔlenw
organization united,jɛkulu jɛlen don
organization united nations,jɛkulu min ye jamanaw fara ɲɔgɔn kan
Origins,A bɔyɔrɔ
outcome,jaabi
Overflow,ji tɛmɛli a dan kan
Overgrazing,Baganmara kojugu
pandemic,bana
panel,panɛli
panel climate,waati cogoya panɛli
panel climate change,panɛli waati yɛlɛma
parametric,paramɛtiriko
park,pariki
participate,ka sendon
particularly,kɛrɛnkɛrɛnlenyala
Partners,Baarakɛɲɔgɔnw
parts,yɔrɔw
past,tɛmɛnen
past years,san tɛmɛnnenw
Pasture,Baganmarayɔrɔ
patterns,misaliw
Peanut plant,Manje jiri
per capita income,mɔgɔ kelen-kelen bɛɛ ka sɔrɔ
per decade,san tan kɔnɔ
per hectare,hectare kelen kɔnɔ
per year,san kɔnɔ
Percentage,Kɛmɛsarada la
percept,hakilila
perceptions climate,waati cogoya hakililaw
perceptions climate change,waati yɛlɛma hakililaw
period,kuntaala
Perspectives,ɲɛsin / hakililaw
phase,kumasen
phd thesis,phd ka baarakɛnafolo
Phenomenon,Fɛnw
physical,farikolo / fɛn yɛrɛ
physical science,farikoloɲɛnajɛ dɔnniya
physical science basis,farikoloɲɛnajɛ dɔnniya basigilen
Phytosanitary treatment,Fɛnɲɛnɛma-saniya furakɛli
place,sigiyɔrɔ
Plain,Kɛnɛjɛ
Plane crash,awiyɔn binni
plant,yiri
Plant types,jiri ni bin suguyaw
planting,sɛnɛ / jirituru
planting date,jirituru don
planting dates,jirituru donw
Plants,Yiriw
Plateau,dugukolo sanfɛ kɛnɛ
Ploughing,Sɛnɛ kɛli
Pole (North or South),Saheli walima Worodugu polu
policy,politiki
policy research,politiki ɲininiw
policy research institute,politiki ɲininikɛla ka tɔnba
Political leaders,Politiki ɲɛmɔgɔw
politics,politiki siratigɛ la
pollution,nɔgɔli
Poor ground,Dugukolo jugu
population growth,jamanadenw ka caya
"Porthole, window",finɛtiri
possible,bɛ se ka kɛ
potential,ɲɛnama
potential evapotranspiration,ji ni jirifura ji bɔli seko
potential impacts,nɔ minnu bɛ se ka kɛ
Poultry,bagankɔnɔw
power,fanga
practices,walew kɛcogo
precipitation,sanjiko
precipitation change,sanjiko yɛlɛma
precipitation changes,sanjiko yɛlɛmaw
precipitation climatology,sanjiko waati cogoya dɔnniya
precipitation data,sanjiko kunnafoniw
precipitation events,sanjiko ko kɛlenw
precipitation temperature,sanjiko funteni hakɛ
precipitation variability,sanjiko falen-falenni
precipitation west africa,sanji bɛ na afiriki tilebin fɛ
predict,ka sini dɔn
pregnancy,kɔnɔmaya
present study,sisan kalan
press,ka digi
press cambridge,ka cambridge digi
previous,tɛmɛnen
previous studies,kalan tɛmɛnenw
Probability,kɛcogo seko
Probable,a bɛ se ka kɛ
proc natl acad,proc natl acad ye
process,ka tɛmɛ
"Process, stages","Taabolo, taabolo"
product,ka kɛ
production,dilanni
production systems,sɛnɛfɛnw dilanni siratigɛw
production west africa,Tilebin Afiriki dilanni
Progression,Ɲɛtaa
Progressive,A bɛ taa ɲɛ
projected changes,yɛlɛma minnu bɛ makɔnɔ
projected climate,waati cogoya min bɛ makɔnɔ
projected climate change,waati yɛlɛma min bɛ makɔnɔ
projected increase,cayali min bɛ makɔnɔ
projection,ɲɛfɔli
projections,ɲɛfɔliw
promote,ka layiriwa
Protected area,Yɔrɔ lakananen
Protected species,Sugu minnu lakananen don
Province,mara
public health,foroba kɛnɛya
Puddle,jidaga misɛn
Quantity,Hakɛ
Quasi-stationary,a bɛ jɔ ka surun yɔrɔ kelen na
quaternary science reviews,quaternary dɔnniya seginnkanniw
Radio program / Gas emission,Arajo porogaramu / Gazi bɔli
Radiosonde,radiosɔndi
Rain,sanji
rain fall,sanji binni
Rain gauge,sanjiko sumanikɛlan
Rainbow,sanji kɔrɔ yeelen
rainfall,sanjiko
rainfall amount,sanjiko hakɛ
rainfall amounts,sanjiko hakɛw
rainfall anomalies,sanjiko anomaliyaw
rainfall data,sanjiko kunnafoniw
rainfall distribution,sanjiko jɛnsɛnni
Rainfall enhancement programme,sanjiko cayali porogaramu
rainfall events,sanjiko ko kɛlenw
rainfall index,sanjiko hakɛ jiralan
rainfall pattern,sanjiko cogoya
rainfall patterns,sanjiko cogoyaw
Rainfall radar,sanjiko radari
Rainfall radar picture,sanjiko radari ja
rainfall regime,sanjiko maracogo
rainfall sahel,sanjiko sahel
rainfall temperature,sanjiko funteni hakɛ
rainfall time series,sanjiko waatibolodacogo
rainfall trends,sanjiko taabolo
rainfall variability,sanjiko falen-falenni
rainfall variability west,sanjiko caman ɲɔgɔnnabɔli tilebin fɛ
rainfall west,sanji bɛ na tilebin fɛ
rainfall west africa,sanji bɛ na afiriki tilebin fɛ
rainfed agriculture,sɛnɛ min bɛ kɛ ni sanji ye
rains,sanji bɛ na
rainy,sanjilen
rainy days,sanji tilew
rainy season,sanji waati
rainy seasons,sanji waatiw
Rapids (water),ji bolili teliman
Rare,Manteli ka kɛ
rate,hakɛ
rcp scenario,rcp ka ko kɛlenw
Reading,Gafekalan
reason,kun
recent trends,kɔsa in na ko kɛlenw
recent years,san laban ninnu na
recharge,fali kokura
record,ka kumakan ta
reduce,ka dɔgɔya
reduction,dɔgɔyali
reference category,sɛgɛsɛgɛli suguya
reference period,sɛgɛsɛgɛli kuntaala
reflect,taasi
Reforestation,jiri turuli kokura
regard,bonya
region,màra
region ghana,marabolo ghana
region west,mara min bɛ tilebin fɛ
region west africa,mara tilebin fɛ afriki
regional climate,mara ka waati cogoya
regional climate change,marabolow ka waati yɛlɛma
regional climate model,mara ka waati cogoya modɛli
regional climate models,mara ka waati cogoya modɛliw
regional climate simulations,marabolow ka waati cogoya simulasiw
regional scale,marabolow ka sɛgɛsɛgɛli
regions,maraw kɔnɔ
regression,kɔsegin sɛgɛsɛgɛli
relationship,jɛɲɔgɔnya
relative humidity,fiɲɛ kɔnɔ ji hakɛ ɲɔgɔnna
Religious leaders,Diinan ɲɛmɔgɔw
remote,samanen
remote sensing,yɔrɔjan dɔnni
remote sensing environment,yɔrɔjan dɔnni sigida
renewable,minnu bɛ se ka segin u cogo kɔrɔ la
renewable energy,fanga min bɛ se ka labɛn kokura
report,rapɔri
report intergovernmental,kunnafoni di gɔfɛrɛnamanw ni ɲɔgɔn cɛ
report intergovernmental panel,gofɛrɛnamanw ni ɲɔgɔn cɛ jɛkulu ka kunnafoni
reported,ye kunnafoni di
Representative,Lasigidenw ka lasigiden
res public health,res foroba kɛnɛyako
research,ɲinini
research development,ɲininiw yiriwali
research institute,ɲininikɛla ka baarada
research letters,ɲinini sɛbɛnw
research unit,ɲininikɛla-jɛkulu
Reservoir,Jidagayɔrɔ
resilience,muɲuni ni yɛrɛbɛnni
resolution,faranfansili hakɛ
resource,nafolomafɛn
resource management,nafolomafɛnw marali
resource use,nafolomafɛnw baaracogo
resources,nafolomafɛnw
resources management,nafolomafɛnw marali
response climate,jaabi waati cogoya
response climate change,jaabi waati yɛlɛma
result,jaabi
results show,jaabiw b’a jira
review,lajɛli
review institute security,segin institut lakanani kan
Rice,malo
Rice field,maloforo
risk,farati
risk management,farati marali
river,ba
River arm,ba bolo
river basin,ba ka jidagayɔrɔ
river basins,baw ka jidagayɔrɔw
River bed,ba da
river discharge,ba ji bɔli hakɛ
river flow,ba ji bolicogo
river flows,ba ji bolicogow
Riverbank,ba da
root tuber crops,jirisunw sɛnɛfɛnw
royal meteorological,masakɛ ka waati jateminɛ
royal meteorological society,Royal Meteorological Society
rules use articles,sariyaw bɛ baara kɛ ni barokunw ye
runoff,dugukolo sanfɛ ji bolili
rural areas,togodaw la
rural development,togodala yiriwali
safety,lakana
saharan africa,sahara farafinna
sahel,Sahel
Sahel (region),Sahel mara
sahel rainfall,sahel sanjiko
sahel region,Sahel mara
sahelian,Sahelko
sahelian zone,Sahel zɔni
Sanction,Sankɔrɔta
Sand,Cɛncɛn
Sand dunes,Cɛmancɛ-yɔrɔw
Satellite (weather),metewo sateliti
Saturday,sibiri
Savanna,savana
Savings,Nafolo marali
scale,sumanikɛcogo
Scattered,Serilen
Scattered (cloud),sankaba jɛnsɛnnen
scenarios,senariyow
science,dɔnniya
science basis,dɔnniya basigilen
science basis contribution,dɔnniya basigilen dɛmɛni
science technology,dɔnniya fɛɛrɛbɔ
Scientific studies,Dɔnniya kalanw
sea,kɔgɔji
sea level,kɔgɔji ji hakɛ
sea level rise,kɔgɔji ji hakɛ yɛlɛli
sea surface,kɔgɔji sanfɛla
sea surface temperature,kɔgɔji sanfɛ funteni hakɛ
sea surface temperatures,kɔgɔji sanfɛ funteni hakɛw
search,ɲini
season,waati
seasonal,waati kɛrɛnkɛrɛnnen
seasonal cycle,waatibolodacogo
Seasonal prediction,waati kɛrɛnkɛrɛnnen ɲɛbila
seasonal rainfall,waati kɛrɛnkɛrɛnnen sanjiko hakɛ
seasonal variability,waati caman ɲɔgɔnna caman ɲɔgɔnna
seasons,waatiw
second,filanan
section,fan
security,lakana
security implications climate,lakana nɔfɛkow waati cogoya
security review institute,lakana sɛgɛsɛgɛli baarada
Seed,kisɛ
Seeding,kisɛ dili / sɛnɛ
Seeds,Kisɛw
Selection,sugandili
Semi-arid,jalen-dɔgɔyalen
Semi-arid regions,mara minnu bɛ se ka ja tila
Semi-circular holes (technique allowing them to keep moisture in the ground for longer),sɛrɛkili tilancɛ dingɛw minnu bɛ ji mara duguma ka mɛn
sense,kɔrɔ
sensitive,farati sɔrɔ nɔgɔ
Sensitive area,farati sɔrɔ nɔgɔ yɔrɔ
september,sɛtanburukalo
series,seriw
set,ka kɛ
several,damadɔ
several studies,kalan caman kɛra
"Shadow, shade","Ombre, ombre"
shift,ka yɛlɛma
short,surun
Short crops,Sɛnɛfɛn surunw
Short growth period,bonya kuntaala surun
short rains,sanji surunw bɛ na
Short-lived,A si tɛ mɛn
showed,a jirala
Shower,sanji fitinin
Showery-thundery outbreak,Sanji- sanpɛrɛn
sierra leone,siyera lewɔni
significant,nafama
significantly,ka bon kosɛbɛ
Signification,Kɔrɔfɔli
Similar,Ɲɔgɔn
Sky,sankolo
Slow-motion,teliya dɔgɔyalen
Sluice gates,ji dabilan dakanw
smallholder farmers,sɛnɛkɛla misɛnninw
smart,kegun
Smell,Kasa
Snow,nɛzi
social,sosiyali
social capital,sosiyete ka kapitali
social economic,sosiyete sɔrɔko
society,sosiyete
society int climatol,sosiyete int climatol
software,lozisiyɛli
soil,dugukolo
soil fertility,dugukolo nafa
soil fertility management,dugukolo nafa marali
soil moisture,dugukolo ji hakɛ
soil water,dugukolo ji
soil water assessment,dugukolo ji jateminɛ
solar,tile fanga
solar radiation,tile yeelen fanga
solution,fɛɛrɛ
Sorghum,ɲɔ
sorghum millet,sɔgɔsɔgɔninjɛ sɔgɔlen
source,bɔyɔrɔ
South,worodugu
south africa,Worodugu Afiriki
south atlantic,saheli Atlantik
southern,woroduguyanfan
southern africa,Worodugu Afiriki
southern mali,Mali woroduguyanfan
southern oscillation,saheli-yɔrɔ-yɛrɛyɛrɛ
spatial,yɔrɔko
spatial distribution,yɔrɔko jɛnsɛnni
spatial patterns,yɔrɔko misaliw
spatial resolution,yɔrɔko faranfansili hakɛ
spatial temporal,yɔrɔko ni waatiko
spatial variability,yɔrɔw cɛ falen-falenni
special report,rapɔɔri kɛrɛnkɛrɛnnen
Species,Násuguyaw
Sporadic (cloud),sankaba dɔw dɔw
Sporadic rain,sanji bɛ na yɔrɔ dɔw la tuma dɔw la
Spring,printan waati
Squall line,sanfiɲɛba layini
sst anomalies,SST anomaliyaw
Stability,basigi
stage,dakun
stakeholder,bololabaarakɛlaw
standard deviation,hakɛw ka bɔ ɲɔgɔn na cogo sumanikɛ
Standing water,Ji jɔlen
Star,Dolo
Stars,Dolow
start,ka daminɛ
Start (season),waati daminɛ
Start of a season,waati daminɛ
state,faso
"State (liquid, solid or gaseous)","fɛn cogoya (jilama, gɛlɛn walima gazilama)"
Stationary,a bɛ jɔ yɔrɔ kelen na
statistical,jateminɛko
statistically significant,"jatebɔ la, a nafa ka bon"
status,cogoya
step,etapu
Stevenson screen,Stevenson ka ekran
still,hali bi
Stocks,marafɛnw
storm,sanfiɲɛba
Storm cloud,sanfiɲɛba sankaba
strategies,fɛɛrɛw
strategies climate change,fɛɛrɛw waati yɛlɛma
strategy,fɛɛrɛ
Straying Animal,Bagan min bɛ tunun
stress,hamina
strong,fɔrɔlen
Strong (wind),fiɲɛ fanga ka bon
study,kalan
study area,kalan yɔrɔ
study period,kalan waati
Sub-Saharan,sahara dugujukɔrɔ
Sub-Saharan Africa,sahara kɔrɔnfɛla afiriki
Subsistence crop,Sɛnɛfɛn min bɛ balo balo la
success,kuntilenna sɔrɔli
sudanian zone,sudan jamana na
Summer,samiyɛ waati
summer monsoon,samiyɛ sanjiba
summer rainfall,samiyɛ sanji bɛ na
Sun,tile
Sundanian,Sundankan na
Sunday,Kari
Sunny,tile bɛ bɔ
support,sɛmɛjiri
surface,kɛnɛ
surface air temperature,dugukolo sanfɛ fiɲɛ funteni hakɛ
surface runoff,dugukolo sanfɛ ji bolili
surface temperature,dugukolo sanfɛ funteni hakɛ
surface temperatures,dugukolo sanfɛla funteni hakɛw
surface water,dugukolo sanfɛ ji
Surplus,hakɛ tɛmɛnen
Surplus trend,hakɛ tɛmɛnen taabolo
Surrounding area,Lamini yɔrɔ
sustain,ka mɛn
sustainability,sabatili
sustainable,sabatilen
sustainable development,yiriwali sabatilen
Sweetcorn,kaba duman
Synoptic station,sinɔpitiki metewo garaji
system,sisitɛmu
systems,sistɛmuw
Take cutting (plant),ka jirifura ta ka turi
Take off,Ka bɔ
Tall crops,Sɛnɛfɛn janw
"Technician, skilled worker","Fɛɛrɛtigi, baarakɛla ŋana"
technology,fɛɛrɛminɛn
temperature,funteni hakɛ
temperature anomalies,funteni hakɛ danfaralenw
temperature change,funteni hakɛ yɛlɛma
temperature increase,funteni hakɛ cayali
temperature precipitation,funteni sanjiko
temperature rainfall,funteni sanji min bɛ na
temperature variability,funteni hakɛ falen-falenni
Ten day period,tile tan kuntaala
Ten-day forecast,tile tan ɲɛbila
Tercile,tɛrisili
term,dan
Termite,ntɔmɔ
Termite mound,ntɔmɔ kulu
terms conditions,sariyaw cogoyaw
Territory,Jamana
test.,kɔrɔbɔli.
The norm,hakɛ sariya
theory,hakilina / teori
Thermometer,funteni sumanikɛlan
third assessment report,jateminɛ rapɔɔri sabanan
three,saba
Thunder,sanpɛrɛnkan
Thursday,alamisa
time,waati
time scale,waati sɛgɛsɛgɛli
time scales,waati sɛgɛsɛgɛliw
time series,waatibolodacogo
time step,waati taabolo
To be able to,Ka se ka kɛ
To collapse,Ka bin
To control,Ka a kunbɛn
To figure out,Walasa k’a jateminɛ
To fly over,Ka pan ka tɛmɛn
To indicate,Walasa k’a jira
To isolate,Ka i yɛrɛ mabɔ mɔgɔw la
To measure,Ka sumani kɛ
To observe,Ka kɔlɔsili kɛ
To present,Ka ɲɛfɔli kɛ
To water,ka ji kɛ
Toad,ntori
Tools,Minɛnw
Tornado,tɔrinado
Torrential downpour,sanjiba fanga ka bon kosɛbɛ
Total,bɛɛ lajɛlen
total rainfall,sanjiko hakɛ bɛɛ
Total rainfall (over a period of time),kuntaala dɔ kɔnɔ sanjiko hakɛ bɛɛ
tourism,turisimu
Town,Duguba
"Town, village","Dugu, dugu"
Traces of precipitation,Sanjiko taamasiɲɛw
Trade winds,jago fiɲɛw
tradition,laada
Traditional leaders,Laada ɲɛmɔgɔw
transit,tɛmɛsira
transport,tacogo
trend analysis,taabolo sɛgɛsɛgɛli
trends,taabolow
Tricky,gɛlɛn
tropical,toropikali
tropical atlantic,Atlantiki yɔrɔ minnu ka timi
Tropical cyclone,siklɔn toropikali
Tropics,Yɔrɔ minnu ka timi
Tsunami,tsunami
Tuesday,tarata
twentieth century,san kɛmɛ mugannan na
two,fila
uncertainty,dannayabaliya
united kingdom,masaya kelenyalen
united nations,jamana minnu ye kelenya ye
united states,etazuni jamana
university press,inivɛrisite ka kunnafonidilanw
university press cambridge,inivɛrisite ka kunnafonidilaw ka cambridge
Unlimited,Dan tɛ a la
Update,Ka lakuraya
upper east,sanfɛla kɔrɔn fɛ
upper east region,sanfɛla kɔrɔnfɛla mara
Upstream,Sanfɛla la
urban areas,dugubaw kɔnɔ
Use,K'a nafa bɔ a la
use change,baara kɛ ni fɛn yɛlɛma ye
used study,baara kɛra ni kalan ye
Valley,Kùlufurancɛ
value,nafa / hakɛ
van der linden,van der linden ye
Vapour,Lafiɲɛbɔ
variability,fɛn caman b’a la ka ɲɔgɔn falen-falen
variability climate,fɛn caman b’a la ka ɲɔgɔn falen-falen waati cogoya
variability climate change,fɛn caman ɲɔgɔnna yeli waati yɛlɛma
variability crop,fɛn caman sɛgɛsɛgɛli sɛnɛfɛn
variability precipitation,fɛn caman sɛgɛsɛgɛli sanjiko
variability rainfall,fɛn caman sɛgɛsɛgɛli sanjiko
variability resource use,fɛn caman sɛgɛsɛgɛli nafolomafɛnw baaracogo
variability west,fɛn caman b’a la ka ɲɔgɔn falen-falen tilebin fɛ
variability west africa,fɛn caman b’a la ka ɲɔgɔn falen-falen afiriki tilebinyanfan fɛ
variability west african,fɛn caman b’a la ka ɲɔgɔn falen-falen afiriki tilebinyanfan fɛ
variation,fɛn caman ɲɔgɔn falen-falen
variations,fɛn caman ɲɔgɔn falen-falen
varieties,suguyaw
various,wɛrɛ
vegetation,jiri ni binw
vegetation cover,jiriw datugucogo
Vegetation cover ratio,jiri ni binw ka dugukolo datugucogo hakɛ
vegetation dynamics,jiriw ka fɛnɲɛnamayali
vegetation productivity,jiriw ka nafa sɔrɔli
Velocity,teliya
Very,Kɔsɛbɛ
Vicinity,Lamini
view,yeli
Vigilance,Kɔlɔsili kɛ
Village,Dugu
Visibility,yecogo
Visibility impairment,yecogo dɔgɔyali
Visible,a bɛ ye
visual,yeli la
Volcano,tasumakulu
volta basin,Volta ba ka jidagayɔrɔ
volta basin west,Volta ba ka jidagayɔrɔ tilebin fɛ
volta river,volta baji ye
volta river basin,Volta ba ka jidagayɔrɔ
volume,hakɛ bonya
vulnerability,farati sɔrɔ nɔgɔya
vulnerability adaptation,farati sɔrɔ nɔgɔya ni ladamuni
vulnerability climate change,waati yɛlɛma farati sɔrɔ nɔgɔya
vulnerability contribution working,"farati sɔrɔ nɔgɔya, bolomafara ni baara"
wana region,wana mara la
warm rain,sanji duman na
warming,funteni cayali
water,ji
water assessment tool,ji jateminɛminɛn
water availability,ji sɔrɔli
water balance,ji balansi
water content,ji hakɛ min bɛ a la
water cycle,ji sikili
water demand,ji mago
Water flow,Ji woyocogo
Water flowing,Ji bɛ woyo
water management,ji marali
water quality,jiko ɲumanya
water resource,ji nafolomafɛn
water resource management,ji nafolomafɛn marali
water resources,ji nafolomafɛnw
water resources management,ji nafolomafɛnw marali
water scarcity,ji dɛsɛ
water storage,ji marayɔrɔ
water stress,ji degun
water supply,ji dilanni
water table,jidagayɔrɔ
water use,ji baaracogo
Waterfalls,ji binyɔrɔw
Waves,jikuruw
weather,waati cogoya
weather data,waati cogoya kunnafoniw
weather events,waati ko kɛlenw
Weather station,metewo garaji
Wednesday,araba
Weeding,Bin tigɛcogo
Week,Dɔgɔkun
Weekly,Dɔgɔkun o dɔgɔkun
weight,girinya
Well,kɔlɔn
West,tilebin
west africa,Tilebin Afiriki
west africa climate,tilebin-afiriki waati cogoya
west african,Tilebin Afiriki ka
west african climate,tilebin-afiriki waati cogoya
west african countries,Tilebin Afiriki jamanaw
west african monsoon,Tilebin Afiriki musɔni
west african rainfall,tilebin-afiriki sanjiba
west african region,Tilebin Afiriki mara
west african sahel,tilebin-afiriki sahel
west asia,azi tilebin fɛ
west asia north,azi tilebin fɛ worodugu fɛ
west central,tilebin fɛ cɛmancɛ la
west central africa,tilebin cɛmancɛ-afiriki
western,tilebinyanfan
western africa,Tilebin Afiriki
western mediterranean,tilebin fɛ mediterane kɔgɔjida la
western part,tilebin yanfan fɛ
western sahel,tilebin fɛ sahel
wet,ɲigin
wet days,don ɲiginnenw
wet dry,ji jalen
wet dry years,san jalen ɲiginnenw
wet season,jisigi waati
wet years,san ɲiginnenw
Whirlwind,fununfunun
white volta basin,Volta Jɛman ba ka jidagayɔrɔ
wide,wagalen
wide range,a ka ca a la
wiley online,wiley ɛntɛrinɛti kan
wiley online library,wiley ɛntɛrinɛti gafemarayɔrɔ
wind,fiɲɛ
Wind incursion,fiɲɛ donni
wind speed,fiɲɛ teliya
With ups and downs,Ni wuli ni jigin ye
without,bali
working group,baarakɛjɛkulu
working group fourth,baarakɛjɛkulu naaninan
working paper,baarakɛsɛbɛn
world,duniya
world bank,diɲɛ banki
world bank washington,diɲɛ banki washington
year period,san waati
yield,sɔrɔta
yield change,sɔrɔ caman yeli
yield potential,sɛnɛfɛnw sɔrɔli seko
yield potential traits,"jogo minnu bɛ se ka sɔrɔ, olu bɛ sɔrɔ"
yield response,sɔrɔ jaabi
yield variability,sɛnɛfɛnw sɔrɔcogo caman ɲɔgɔnna
yields,sɔrɔtaw
york usa,york usa
Zaï (farming technique),Zaï (sɛnɛ kɛcogo)
zonal wind,zɔni fiɲɛ
zone,zɔni
zones,zɔniw
