english,hausa
(sand) Dune,tudun yashi
(Small) Stone barriers,ƙananan shingayen dutse
(weather) Disturbance,tashin hankalin yanayi
(wind) Direction,alkiblar iska
access,shiga
according,bisa ga
across,fadin
across west africa,fadin yammacin Afirka
activities,ayyuka
Activity,Ayyuka
adapt,daidaita
adapt climate,daidaita yanayin
adapt climate change,daidaitawa da sauyin yanayi
adaptation,daidaitawa
adaptation climate,yanayin karbuwa
adaptation climate change,daidaitawa da sauyin yanayi
adaptation measures,matakan daidaitawa
adaptation mitigation,daidaitawa da rage sauyin yanayi
adaptation options,zaɓuɓɓukan daidaitawa
adaptation strategies,dabarun daidaitawa
adaptation strategy,dabarun daidaitawa
adaptation vulnerability,daidaitawa da raunin fuskantar illa
adaptation vulnerability contribution,gudunmawa kan daidaitawa da raunin fuskantar illa
adaptations climate change,matakan daidaitawa da sauyin yanayi
adapting climate,daidaitawa da yanayi
adapting climate change,daidaitawa da sauyin yanayi
adaptive,mai iya daidaitawa
adaptive capacity,ƙarfin daidaitawa
Advice,Nasiha
Afar,mai nisa
Africa,Afirka
africa climate,yanayin Afirka
africa climate change,sauyin yanayi na Afirka
africa region,yankin Afirka
African,Afirka
african agriculture,noma a Afirka
african climate,yanayin Afirka
african climate change,sauyin yanayi na Afirka
african countries,kasashen Afirka
african easterly,Afirka ta gabas
african easterly jet,jet na gabashin Afirka
african monsoon,damina ta Afirka
african rainfall,ruwan sama na Afirka
african region,yankin Afirka
african sahel,Sahel na Afirka
african science service,sabis na kimiyyar Afirka
african security review,nazarin tsaron Afirka
After,Bayan
Afternoon,La'asar
Agricultural circum-stances,yanayin noma
agricultural development,bunkasar noma
agricultural forest meteorology,ilimin yanayi na noma da gandun daji
agricultural land,ƙasar noma
agricultural model intercomparison,kwatanta samfuran noma
agricultural production,samar da amfanin gona
agricultural productivity,yawan amfanin noma
agricultural research,binciken noma
agricultural sector,fannin noma
agricultural systems,tsarin noma
agriculture,noma
agriculture climate,noma da yanayi
agriculture climate change,noma da sauyin yanayi
agriculture food,noma da abinci
agriculture food security,noma da wadatar abinci
agriculture organization united,Hukumar Abinci da Noma ta Majalisar Ɗinkin Duniya
Agro meteorology,ilimin yanayi na noma
Agro-meteorological station,tashar ilimin yanayi na noma
air temperature,zafin iska
Airport,Filin jirgin sama
Alert,Fadakarwa
Almost entirely,Kusan gaba ɗaya
along,tare
along coast,tare da bakin tekun
although,ko da yake
american meteorological society,Ƙungiyar Ilimin Yanayi ta Amurka
amount rainfall,adadin ruwan sama
analysis,bincike
Analysis / Forecast inputs,bayanan bincike da abubuwan shigar hasashe
Animal types,nau'ikan dabbobi
Annual,Shekara-shekara
annual cycle,shekara-shekara sake zagayowar
annual mean,shekara-shekara ma'ana
annual precipitation,saukowar ruwa ta shekara
annual rainfall,ruwan sama na shekara-shekara
annual runoff,gudun hijira na shekara-shekara
annual temperature,zafin jiki na shekara
anomalies,bambance-bambance daga matsakaicin al'ada
Anomaly,bambanci daga matsakaicin al'ada
answer,amsa
anthropogenic,na ayyukan ɗan Adam
anthropogenic emissions,hayakin da ayyukan ɗan Adam ke fitarwa
appear,bayyana
applicable creative,m m
applied,amfani
approach,kusanci
apr may,watan Mayu
apr may jun,Afrilu jun
April,Afrilu
Archives,Taskoki
area,yanki
Area of turbulence,yankin rikicewar iska
"Area, domain","Yanki, yanki"
arid semi arid,yankin da babu ruwa da yankin da keda karancin ruwa
around,kewaye
Arpege (NWP model),Arpege (samfurin NWP)
Arranged,Shirya
articles governed applicable,abubuwan da aka gudanar sun dace
asia north,Asiya arewa
asia north africa,asiya arewa africa
aspect,al'amari
"Assemble, gather","Ku taru, ku taru"
assess,tantance
assessing security implications,tantance abubuwan tsaro
assessment,kima
assessment climate change,kimanta sauyin yanayi
assessment report,rahoton kima
assessment report intergovernmental,rahoton kima tsakanin gwamnatoci
assessment tool swat,kima kayan aiki swat
Association,Ƙungiya
Atlantic,Atlantic
atlantic ocean,Tekun Atlantika
atlantic oscillation,atlantic oscillation
atmos chem phys,atmos chem phys
atmosphere,sararin samaniya
atmospheric,na sararin samaniya
atmospheric circulation,zagayawar iska a sararin samaniya
attribute,sifa
aug sep,aug sep
aug sep oct,watan Satumba Oct
august,Agusta
august september,watan Agusta
Authority,Hukuma
Autumn,Kaka
availability,samuwa
available,samuwa
Average,matsakaici
average annual,matsakaiciyar shekara
Average growth period,matsakaicin lokacin girma
average rainfall,matsakaicin ruwan sama
Axis,layin tsakiya
Backwater,ruwan baya
Balanced,Daidaitacce
Band of clouds,rukunin girgije
Barometer,ma'aunin matsin iska
baseline,tushe
baseline climate,yanayin tushe
baseline period,lokacin asali
basin,kwano
basin west,kwarin ruwa a yamma
basin west africa,kwarin ruwa a Yammacin Afirka
basis contribution,gudunmawar tushe
basis contribution working,tushen gudunmawar aiki
Before,Kafin
behavior,hali
benefit,amfani
better,mafi kyau
Bi-annual (six- monthly),kowane watanni shida
bia,bi
bias correction,gyara son zuciya
Binoculars,madubin hangen nesa
biodiversity,bambancin halittu
Birds,Tsuntsaye
Boundary,Iyaka
boundary conditions,yanayin iyaka
Bowl,Kwano
"Bowl, container","Kwano, kwantena"
box,akwati
Breach,Karya
breed,iri
Bridge,gada
Broken bridge,gada da ta karye
bulletin meteo,bulletin meteo
burkina,burkina
burkina faso,burkina faso
burkina faso hinari,burkina faso hinari
Bush fire,gobarar daji
calibration validation,ingancin daidaitawa
cambridge,cambridge
cambridge united kingdom,Cambridge United Kingdom
cambridge university press,Jami'ar Cambridge Press
cape,kafe
Caption,bayanin hoto ko jadawali
carbon,carbon
carbon dioxide,iskar carbon dioxide (CO₂)
carbon sequestration,ajiye carbon a ƙasa ko tsirrai
case studies,nazarin shari'a
case study,nazarin shari'a
Cash crop,amfanin gona na kasuwanci
"Casualties, victims",waɗanda suka mutu ko suka ji rauni
catchment,yankin tattara ruwa
Caterpillar,tsutsa
central,tsakiya
central africa,Afirka ta tsakiya
cereal root tuber,hatsi tushen tuber
change,canji
change adaptation,canza karbuwa
change adaptation mitigation,"sauyin yanayi, daidaitawa da rage shi"
change africa,canza africa
change agricultural,canza noma
change agriculture,sauyin noma
change agriculture food,sauyin noma da abinci
change agroecosystems,sauyin tsarin noma da muhalli
change cambridge university,canza jami'ar Cambridge
change climate,canza yanayi
change climate change,canza canjin yanayi
change climate variability,canza canjin yanayi
change food,canza abinci
change food security,sauyin wadatar abinci
change global,canza duniya
change impact,canza tasiri
change impacts,canza tasiri
change impacts adaptation,canza tasirin daidaitawa
change impacts kenyas,canjin yanayi yana shafar Kenya
change ipcc,canza ipcc
change mitigation,rage tasirin sauyi
change physical,canza jiki
change physical science,canza kimiyyar jiki
change scenarios,canza al'amura
change signal,canza sigina
change variability,canza canji
change water,canza ruwa
change water resources,sauyin albarkatun ruwa
change west,canza yamma
change west africa,canza yammacin africa
changes,canje-canje
changes climate,canza yanayi
changes precipitation,sauye-sauyen saukowar ruwa
changes rainfall,sauye-sauyen ruwan sama
changes temperature,sauye-sauyen zafin jiki
changing climate,yanayi mai sauyawa
Characteristic,Halaye
Chart,jadawali
circulation,zagayawa
circulation models,samfuran wurare dabam dabam
Clear (sky),sararin sama mai haske
climate,yanayi
climate adaptation,daidaitawa da sauyin yanayi
climate change,sauyin yanayi
climate change adaptation,daidaitawa da sauyin yanayi
climate change adapted,sauyin yanayi ya daidaita
climate change africa,sauyin yanayi a Afirka
climate change agricultural,sauyin yanayi da noma
climate change agriculture,sauyin yanayi da noma
climate change agroecosystems,sauyin yanayi da tsarin noma da muhalli
climate change cambridge,canjin yanayi cambridge
climate change climate,sauyin yanayi
climate change crop,amfanin gona canjin yanayi
climate change effects,tasirin sauyin yanayi
climate change food,canjin yanayi abinci
climate change global,sauyin yanayi na duniya
climate change impact,tasirin sauyin yanayi
climate change impacts,tasirin sauyin yanayi
climate change ipcc,canjin yanayi ipcc
climate change likely,yiwuwar sauyin yanayi
climate change maize,canjin yanayi masara
climate change may,sauyin yanayi na iya
climate change physical,canjin yanayi na jiki
climate change projections,hasashen sauyin yanayi
climate change research,binciken sauyin yanayi
climate change scenario,yanayin hasashen sauyin yanayi
climate change scenarios,yanayin hasashen sauyin yanayi
climate change signal,alamar sauyin yanayi
climate change variability,sauyin yanayi da sauye-sauyen yanayi
climate change water,canjin yanayi ruwa
climate change west,sauyin yanayi yamma
climate changes,sauye-sauyen yanayi
climate conditions,yanayin muhalli
climate data,bayanan yanayi
Climate dependant,Ya dogara da yanayin
climate dynamics,sauye-sauyen tsarin yanayi
climate extremes,matsanancin yanayi
Climate forecast,hasashen yanayi
climate impact,tasirin yanayi
climate impacts,tasirin yanayi
climate information,bayanan yanayi
climate model,yanayin yanayi
climate models,yanayin yanayi
climate policy,manufofin yanayi
climate research,binciken yanayi
climate scenario,yanayin hasashen sauyin yanayi
climate scenarios,yanayin hasashen sauyin yanayi
climate simulations,kwaikwayon yanayi
climate system,tsarin yanayi
climate trends,alkiblar sauyin yanayi
climate variability,sauye-sauyen yanayi
climate variability change,sauye-sauyen yanayi da sauyin yanayi
climate variability climate,canjin yanayi yanayi
climate variability crop,sauyin yanayi amfanin gona
climate variables,canjin abubuwan dake siffanta yanayi
climatic,yanayin yanayi
climatic change,canjin yanayi
climatic changes,canjin yanayi
climatic conditions,yanayin yanayi
climatic variability,canjin yanayi
climatic variables,canjin yanayi
climatic zones,yankunan yanayi
close,kusa
Cloud mass,tarin girgije
Cloud system,tsarin girgije
Cloudy to overcast,gajimare zuwa cikakken rufewar sararin sama da girgije
coast,gabar teku
coastal,na gabar teku
Coasts,gabar teku
cocoa output,fitar koko
cocoa production,samar da koko
Cold,sanyi
Cold season,lokacin sanyi
Collaboration,Haɗin kai
Colours,Launuka
commons license,lasisin gama gari
communities,al'ummai
community,al'umma
Compared to,Daura da
comparison,kwatanta
Compass,kamfas
concrete structure,tsarin kankare
conditions,yanayi
considered,la'akari
consumption,cin abinci
contain,ƙunshi
context,mahallin
contribution working,gudummawar aiki
contribution working group,gudunmawar aiki kungiyar
convergence zone,yankin convergence
Cool,sanyi
Coolness,sanyi
Cooperatives,Ƙungiyoyin haɗin gwiwa
copyright royal meteorological,hakkin mallaka Royal meteorological
countries west,kasashen yamma
countries west africa,kasashen yammacin Afrika
Country,Ƙasa
coupled model,samfurin guda biyu
cover,rufe
Craftsmen,Masu sana'a
creative commons,gama-gari kirkira
creative commons attribution,m Commons halayen
creative commons license,lasisi na gama gari
crop,amfanin gona
crop diversification,bambanta nau'in amfanin gona
crop failure,lalacewar amfanin gona
crop growth,girmar amfanin gona
crop management,kula da amfanin gona
crop model,samfurin amfanin gona
crop models,samfuran amfanin gona
crop production,noman amfanin gona
crop productivity,yawan amfanin gona
crop varieties,nau'ikan amfanin gona
crop yield,amfanin gona
crop yields,amfanin gona
cropping systems,tsarin noma
crops,amfanin gona
crops research,binciken amfanin gona
current climate,yanayi na yanzu
cycle,sake zagayowar
Côte d'Ivoire,Côte d'Ivoire
Daily,Kullum
daily precipitation,saukowar ruwa ta kullum
daily rainfall,ruwan sama na kullum
Dam,madatsar ruwa
Damage,Lalacewa
data,data
data available,data samuwa
data collected,bayanan da aka tattara
data set,saitin bayanai
data sets,saitin bayanai
dataset,dataset
date,kwanan wata
days,kwanaki
Daytime,lokacin rana
De-forestation,sare dazuzzuka
Decade,Shekaru goma
December,Disamba
decision making,yanke shawara
Decline,raguwa
decrease,rage
decrease rainfall,raguwar ruwan sama
Deficit,giɓi
degradation food,rage cin abinci
Degree,Digiri
Dense,Mai yawa
Dense forest,daji mai kauri
density,yawa
Department,Sashen
description,bayanin
Desert,hamada
desertification land,kwararowar hamada a ƙasa
detail,daki-daki
detect,gano
developing countries,kasashe masu tasowa
development,ci gaba
Dew,raɓa
DGM now ANAM (National Agency for Civil Aviation and Met),DGM yanzu ANAM (National Agency for Civil Aviation and Met)
Difference,Bambanci
Disaster,Bala'i
disaster risk,hadarin bala'i
distribution,rarraba
district,gunduma
divers,masu nutsewa
document,daftarin aiki
domain,yankin
Downstream,ƙasa da kogin
drought,fari
drought heat,fari da tsananin zafi
drought heat tolerance,jurewar fari da tsananin zafi
drought tolerance,jurewar fari
droughts,fari
dry,bushewa
dry conditions,yanayin bushewa
dry days,bushewar kwanaki
dry period,lokacin fari
dry season,lokacin rani
dry spell,bushewar sihiri
dry spells,lokutan rashin ruwan sama
dry years,bushe shekaru
due,saboda
due climate,saboda yanayi
due climate change,saboda sauyin yanayi
Duration,Tsawon lokaci
During,Lokacin
dust,kura
Early arrival (season),zuwan kakar da wuri
Early drying up,bushewa da wuri
Early end (to the season),ƙarshen kakar da wuri
Early start,fara kakar da wuri
early warning,gargadin farko
early warning systems,tsarin gargadi da wuri
earth system,tsarin duniya
Earthing up,tara ƙasa a gindin shuka
Earthquake,Girgizar kasa
East,Gabas
east africa,Afrika ta gabas
east african,Afirka ta gabas
east region,yankin gabas
easterly jet,jet na gabas
eastern,gabas
eastern africa,gabashin Afirka
Eclipse,kusufi
ecological,na muhalli
economic development,ci gaban tattalin arziki
economic growth,ci gaban tattalin arziki
ecosystem,tsarin muhalli
ecosystem services,ayyukan tsarin muhalli
ecosystembased adaptation,daidaitawa bisa tsarin muhalli
ecosystems,tsarukan muhalli
eds cambridge university,Jami'ar eds cambridge
eds climate change,eds sauyin yanayi
effect,tasiri
effect climate,tasiri yanayi
effect climate change,tasirin sauyin yanayi
effects,tasiri
effects climate,tasirin yanayi
effects climate change,tasirin sauyin yanayi
effects climate variability,tasiri sauyin yanayi
effort,kokarin
element,kashi
Elevation,tsayin wuri daga matakin teku
Embankment,katangar ƙasa
Emergency services,ayyukan agajin gaggawa
emission scenarios,yanayin hasashen fitar da hayaki
emissions,fitar da hayaki
Enclosure,Yadi
End,Ƙarshe
end century,karshen karni
End of season,ƙarshen kakar yanayi
Endangered species,nau'in halittu masu fuskantar barazana
energy,makamashi
ensemble mean,tara ma'ana
environ,kewaye
environ res lett,environ res lett
environment,muhalli
environmental,na muhalli
environmental change,sauyin muhalli
environmental conditions,yanayin muhalli
Equator,layin Equator
equatorial atlantic,yankin Atlantika kusa da Equator
Equivalent,Daidai
Erosion,zaizayar ƙasa
especially,musamman
essential,mahimmanci
Estimation,Kiyasin
europe,Turai
european,na Turai
Evaporation,ƙafewar ruwa
even,ko da
event,lamari
events,abubuwan da suka faru
evidence,shaida
evolution,juyin halitta
example,misali
Excess rainfall,ruwan sama fiye da kima
expected increase,ana tsammanin karuwa
Expert,Gwani
explain,bayyana
Explanation,Bayani
exposure,fuskantar haɗari
extreme,matsananci
extreme events,matsanancin abubuwan da suka faru
extreme rainfall,matsanancin ruwan sama
Extreme temperatures,matsanancin zafin jiki
extreme weather,matsanancin yanayi
extreme weather events,matsanancin abubuwan yanayi
face,fuska
factors,dalilai
Fair,yanayi mai kyau
Fall (water),faɗuwar ruwa
fao,fao
Far,Nisa
farm,gona
farm households,gidajen gonaki
farmer,manomi
farmers,manoma
farmers perceptions,ra'ayoyin manoma
farmers perceptions climate,ra'ayoyin manoma kan yanayi
farming,noma
Farming confederation,Ƙungiyar noma
farming systems,tsarin noma
features,fasali
feb mar,feb mar
feb mar apr,watan Fabrairu
February,Fabrairu
fertility,haihuwa
fertility management,kula da haihuwa
Fertilizer,taki
Few (amount of cloud),girgije kaɗan
field crops,amfanin gona na fili
field crops res,binciken amfanin gona na fili
field crops research,binciken amfanin gona na fili
fifth assessment report,rahoton kima na biyar
Figure,adadi
figure,hoto
figure mean,adadi yana nufin
first,na farko
Fishermen,masunta
Fishery resources,albarkatun kamun kifi
Flaw,Laifi
Flight,Jirgin sama
flood,ambaliya
Flood prone areas,wuraren da ambaliya ke yawan faruwa
Floodlike rain,ruwan sama mai kama da ambaliya
Floodwater subsiding,raguwar ruwan ambaliya
flow,kwarara
Fog,hazo
food,abinci
food agriculture,abinci da noma
food agriculture organization,Hukumar Abinci da Noma
food crops,amfanin gona na abinci
food insecurity,rashin wadatar abinci
food policy,manufofin abinci
food policy research,binciken manufofin abinci
Food preservation,adana abinci
food production,samar da abinci
food security,wadatar abinci
forcing,tilastawar yanayi
Forecast,hasashen yanayi
Forecasters,masu hasashen yanayi
forest,daji
forest management,kula da gandun daji
forests,dazuzzuka
format,tsari
Foundations,Tushen
four,hudu
fourth assessment,na hudu kima
fourth assessment report,rahoton kima na hudu
framework,tsarin aiki
Friday,Juma'a
Frog,kwaɗo
Full moon,Cikakken wata
furthermore,haka kuma
future,nan gaba
future changes,canje-canje na gaba
future climate,yanayi na gaba
future climate change,sauyin yanayi na gaba
future climate scenarios,yanayin hasashen yanayi na gaba
gap,gibi
gas emissions,fitar da iskar gas
gender,jinsi
general circulation,yaɗuwar gama-gari
general circulation model,samfurin kewayawa na gaba ɗaya
general circulation models,samfuran zagayawar iska na duniya
generally,gabaɗaya
genetic,kwayoyin halitta
geography,labarin kasa
geophys res,geophys res
geophysical research,bincike na geophysical
geophysical research letters,haruffa bincike na geophysical
ghana,ghana
ghana burkina faso,ghana burkina faso
GHG,iskar gas mai dumama yanayi
ghg emissions,fitar gasassu masu kama zafi
given,da aka bayar
global,duniya
global change,canjin duniya
global change biology,ilmin halitta canji na duniya
global climate,yanayin duniya
global climate change,sauyin yanayi na duniya
global climate models,samfuran yanayi na duniya
global environmental,muhallin duniya
global environmental change,sauyin muhalli na duniya
global regional,yanki na duniya
global warming,ɗumamar yanayi
goal,manufa
good,mai kyau
Government,Gwamnati
GPS,GPS
grain yield,yawan amfanin hatsi
grain yields,yawan amfanin hatsi
Grass,Ciyawa
Grass border,shingen ciyawa
green,kore
Greenery,korayen ciyayi
greenhouse,gidan noma mai rufin gilashiS
greenhouse gas,iskar da ke haifar da dumamar yanayi
greenhouse gas emissions,fitar gasassu masu kama zafi
greenhouse gases,iskar gas mai dumama yanayi
Ground,ƙasa
Ground cover,murfin ƙasa
Ground water,ruwan ƙarƙashin ƙasa
groundwater,ruwan ƙarƙashin ƙasa
groundwater level,matakin ruwan ƙarƙashin ƙasa
groundwater recharge,Cikewar ruwan karkashin kasa
group,rukuni
group fourth assessment,kima na rukuni na hudu
growing season,kakar girma
growth,girma
Growth period,lokacin girma
Guides,Jagora
guinea coast,Gabar Tekun Guinea
guinean coast,Gabar Tekun Guinea
gulf guinea,gulf guinea
Hail,ruwan ƙanƙara
Half-day,Rabin-rana
handbook climate,yanayin littafin littafin
handbook climate change,canjin yanayi
Harmattan,iskar Harmattan
Harvest,girbi
health,lafiya
heat,zafi
heat stress,matsin zafi
heat tolerance,jurewar zafi
heavy rainfall,ruwan sama mai ƙarfi
Hemisphere,rabin duniya
Herbaceous,Ganye
"Herd, flock","Garke, garken"
high confidence,babban amincewa
high rainfall,ruwan sama mai yawa
high temperature,zafin jiki mai yawa
higher,mafi girma
highest,mafi girma
highly,sosai
Hills,Tuddan
historical,tarihi
historical climate,yanayi na tarihi
historical period,lokacin tarihi
history,tarihi
Horizon,sararin gani
Host,Mai watsa shiri
Hour,Sa'a
household,gida
human,mutum
human activities,ayyukan mutane
human security,tsaron mutane
human systems,tsarin mutane
humidity,danshin iska
Humidity difference,bambancin danshin iska
Hurricane (tropical cyclone),guguwa mai ƙarfi ta wurare masu zafi
Hydraulic building,ginin sarrafa ruwa
Hydroelectric dam,madatsar ruwa ta samar da lantarki
hydrological,na ilimin ruwa
hydrological cycle,zagayowar ruwa
hydrological model,samfurin ilimin ruwa
hydrological models,samfuran ilimin ruwa
hydrological sciences journal,mujallar kimiyyar ruwa
hydrology,ilimin ruwa
Hygrometer,ma'aunin danshin iska
impact,tasiri
impact climate,tasiri yanayi
impact climate change,tasirin sauyin yanayi
impact climate variability,tasiri sauyin yanayi
impact studies,tasiri karatu
impacts,tasiri
impacts adaptation,tasiri karbuwa
impacts adaptation vulnerability,"tasiri, daidaitawa da raunin fuskantar illa"
impacts climate,tasiri yanayi
impacts climate change,tasirin sauyin yanayi
impacts climate variability,yana tasiri sauyin yanayi
impacts global,tasiri a duniya
impacts kenyas agricultural,yana shafar aikin gona na Kenya
imperial college press,Imperial College Press
implications climate,tasirin yanayi
implications climate change,abubuwan da sauyin yanayi ke haifarwa
important,muhimmanci
important role,muhimmiyar rawa
improve,inganta
improvement project agmip,inganta aikin agmip
In between,A tsakani
In deficit,cikin giɓi
In places,A wurare
including,ciki har da
income,kudin shiga
increase,ƙaruwa
increase precipitation,ƙaruwar saukowar ruwa
increase rainfall,ƙaruwar ruwan sama
increase temperature,ƙaruwar zafin jiki
increased,ya karu
increasing trend,karuwan fuskanta
index,ma'auni
indian ocean,tekun indiya
indicator,mai nuna alama
indicators,alamomi
industrial,masana'antu
Industry,Masana'antu
Infiltration,shigar ruwa cikin ƙasa
influences,tasiri
information,bayani
infrastructure,kayayyakin more rayuwa
innovation,bidi'a
input data,bayanan shigar
Insects,Kwari
Instability,rashin kwanciyar hankali
institute security studies,cibiyar nazarin harkokin tsaro
Instruments enclosure,shingen kayan auna yanayi
int environ res,int environ res
Intensification (rain),ƙarfawar ruwan sama
Intensity,ƙarfi
inter annual,tsakanin shekara-shekara
Inter tropical front,gaban iska na tsakanin wurare masu zafi
interannual variability,canjin shekara-shekara
interannual variability rainfall,sauye-sauyen ruwan sama tsakanin shekaru
intercomparison improvement project,aikin inganta kwatanta samfura
intergovernmental panel,kwamitin sulhu na gwamnati
intergovernmental panel climate,kwamitin gwamnatoci kan yanayi
international development,ci gaban kasa da kasa
international food,abinci na duniya
international food policy,manufofin abinci na duniya
international journal,jarida ta duniya
international journal climatology,Mujallar Ilimin Yanayi ta Duniya
intertropical convergence zone,yankin haɗuwar iskoki na tsakanin wurare masu zafi
Intervention,matakin shiga tsakani
intraseasonal variability,sauye-sauyen cikin kakar
Invisibility,rashin gani
ipcc climate,ipcc yanayi
ipcc climate change,ipcc sauyin yanayi
Irrigation,ban ruwa
irrigation water,ruwan ban ruwa
Isolated outbreaks of rain/thunder,ruwan sama ko tsawa a keɓantattun wurare
itf latitude,layin faɗin ITF
ivory coast,hauren giwa
jan feb,jan feb
jan feb mar,jan feb mar
January,Janairu
john wiley sons,john wiley sons
journal arid environments,mujallu mara kyau
journal climate,yanayin jarida
journal climatology,mujallar ilimin yanayi
journal geophysical,jarida geophysical
journal geophysical research,jarida geophysical bincike
journal hydrology,jaridar ruwa
jul aug,jul aug
jul aug sep,jul aug sep
July,Yuli
july august,Yuli Agusta
july august september,Yuli Agusta Satumba
jun jul,jul jul
jun jul aug,jul aug
June,Yuni
june july,watan june zuwa yuli
june july august,Yuni ga watan Agusta
june september,watanJune zuwa Satumba
keywords climate change,muhimman kalmomi: sauyin yanayi
Km/hr,km/h
knowledge,ilimi
knowledge climate change,ilimi kan sauyin yanayi
known,sani
lake,tafki
Lake arm,reshe na tafki
lake chad,Tafkin Chadi
Lake water,ruwan tafki
land,ƙasa
land area,yankin ƙasa
land cover,murfin ƙasa
land degradation,lalacewar ƙasa
land surface,farfajiyar ƙasa
land use,amfanin ƙasa
land use change,canjin amfanin ƙasa
land use changes,canjin amfani da ƙasa
land water,ruwan kasa
Landing,Saukowa
landscape,shimfidar wuri
large,babba
large scale,mai girman gaske
last,na ƙarshe
Last 24 hours,sa'o'i 24 da suka gabata
last years,shekarun baya
late,marigayi
Late arrival (season),jinkirin zuwan kakar
late century,marigayi karni
Late end (to the season),jinkirin ƙarshen kakar
Late start,jinkirin fara kakar
Latitude,layin faɗi
Layers (of groundwater),yaduddukan ruwan ƙarƙashin ƙasa
Layout,Tsarin tsari
Leader,Jagora
least,kadan
length growing,tsayi girma
length rainy season,tsawon lokacin damina
level,matakin
level rise,matakin girma
levels,matakan
life,rayuwa
Lightning,walƙiya
Lightning bolt,walƙiya mai ƙarfi
linear regression,koma bayan layi
linear trend,layi madaidaiciya
Liquid,Ruwa
live,rayuwa
livelihood,Hanyar samun abin rayuwa
livestock,dabbobi
Livestock farmer,mai kiwon dabbobi
local,na gida
Local conditions,Yanayin gida
Local drought,fari na yanki
local knowledge,ilimin gida
Local radio,Rediyon gida
Locality,wuri
Location,Wuri
Locust,Fara
long,dogo
Long growth period,dogon lokacin girma
long rains,dogon lokacin ruwan sama
long term,dogon lokaci
Long-awaited rain,ruwan sama da aka daɗe ana jira
long-term,na dogon lokaci
Longitude,layin tsawo
longterm mean,ma'ana mai tsawo
Loss-making trend,alkiblar ƙasa da al'ada
low,ƙananan
Low cloud,girgije na ƙasa
Low to moderate,Ƙananan zuwa matsakaici
Lowest level (river bed),Mafi ƙasƙanci (gadon kogi)
Lull,lokacin lafa
made,sanya
Magnifying glass,Gilashin girma
maize,masara
maize millet,gero masara
maize production,noman masara
maize sorghum,masara dawa
maize yield,yawan amfanin masara
maize yields,yawan amfanin masara
major,babba
malaria transmission,yada cutar zazzabin cizon sauro
management,gudanarwa
management practices,ayyukan gudanarwa
management strategies,dabarun gudanarwa
Manure,takin dabbobi
map,taswira
mar apr may,watan Afrilu
March,Maris
market,kasuwa
Maximum,mafi girma
maximum temperature,mafi girman zafin jiki
May,Mayu
may jun,ka jun
may jun jul,jun jul
may june,watan Yuni
mean,nufi
mean annual,yana nufin shekara-shekara
mean annual precipitation,matsakaicin saukowar ruwa na shekara
mean annual rainfall,matsakaicin ruwan sama na shekara
mean annual temperature,matsakaicin zafin jiki na shekara
mean monthly,Matsakaicin kowane wata
mean precipitation,matsakaicin saukowar ruwa
mean rainfall,matsakaicin ruwan sama
mean standard deviation,ma'anar daidaitattun sabawa
mean temperature,matsakaicin zafin jiki
mean values,ma'ana dabi'u
mean yield,matsakaicin yawan amfanin gona
Measures,Matakan
mechanism,tsari
mediterranean sea,Tekun Bahar Rum
medium,matsakaici
medium confidence,matsakaicin amincewa
Message,Sako
meteorological society,ƙungiyar ilimin yanayi
meteorological society int,ƙungiyar ilimin yanayi ta duniya
meteorology,yanayin yanayi
Meter,Mita
method,hanya
methodology,Hanyar aiki
methods,hanyoyin
Mid-Season,tsakiyar kakar
Midday,Tsakar rana
might,mai yiwuwa / Kila
migration,ƙaura
milk,madara
millet,gero
millet sorghum,dawa gero
Millimetre,Millimeter
mineral dust,ma'adinai kura
Mineral fertilizer,takin ma'adinai
minimum,mafi kankanta
minimum maximum,mafi ƙarancin iyaka
minimum temperature,mafi ƙarancin zafin jiki
Mist,hazo mai laushi
mitigation,ragewa
mitigation adaptation,rage sauyin yanayi da daidaitawa
mitigation potential,yuwuwar rage sauyin yanayi
Mixing,Hadawa
model,samfuri
model intercomparison,kwatanta samfura
model results,sakamakon samfurin
model simulations,samfurin kwaikwayo
model used,samfurin da aka yi amfani da shi
modelling,yin samfuri
models,samfura
Moderate,Matsakaici
Moderate intensity,matsakaicin ƙarfi
Moderate to heavy (rain),Matsakaici zuwa nauyi (ruwan sama)
Modification,Gyara
moisture,danshi
moisture flux,ruwan danshi
moisture transport,kai danshi
mon weather rev,mon weather rev
Monday,Litinin
monsoon,iskar damina
Monsoon intensification,ƙarfawar iskar damina
monsoon onset,farkon iskar damina
monsoon season,lokacin damina
Monsoon wind regime,tsarin iskoki na damina
month,wata
monthly,kowane wata
monthly mean,kowane wata ma'ana
monthly precipitation,saukowar ruwa ta kowane wata
monthly rainfall,ruwan sama na kowane wata
monthly weather review,nazarin yanayin kowane wata
months,watanni
Moon,Wata
moreover,haka ma
Morning,Safiya
Most of the country,Yawancin kasar
Mould,ƙwayar fungus
Mountain,Dutsen
much,da yawa
Mud,laka
Mushrooms,Namomin kaza
name,suna
nation,al'umma
national climate change,sauyin yanayi na ƙasa
national level,matakin kasa
natural,na halitta
natural resource,albarkatun kasa
natural resources,albarkatun kasa
nature,yanayi
nature climate,yanayi yanayi
need,bukata
negative impact,mummunan tasiri
negative impacts,mummunan tasiri
negative impacts climate,mummunan tasirin yanayi
Nest,Gida
network,hanyar sadarwa
Neutral,tsaka tsaki
Next 24 hours,sa'o'i 24 masu zuwa
niger river,Kogin Niger
niger river basin,kwarin Kogin Niger
nigeria,nigeria
nioro rip,niro rip
Norm,Al'ada
Normal trend,alkiblar al'ada
North,Arewa
north africa,arewacin Afirka
north atlantic oscillation,arewa atlantic oscillation
north south,arewa kudu
North star,Tauraruwar Arewa
northern,arewa
northern africa,arewacin Afirka
northern ghana,arewa Ghana
northern hemisphere,yankin arewacin duniya
northern part,yankin arewa
November,Nuwamba
Number,Lamba
number rainy days,adadin kwanakin da aka samu ruwan sama
Néré (tree),Néré (itace)
observation,lura
observed,An lura
observed data,bayanan da aka lura
observed rainfall,ruwan sama da aka lura da shi
occurrence,faruwa
ocean,teku
Oceans,tekuna
oct nov,Oct nov
October,Oktoba
october november,Oktoba Nuwamba
Off season,Kashe kakar
offer,tayin
one hand,hannu daya
one year,shekara guda
online,kan layi
online library,online library
online library rules,dokokin ɗakin karatu na kan layi
onset,farawa
onset rainy,farkon damina
onset rainy season,farkon damina
open,bude
open access,bude shiga
opportunity,damar
order,oda
Organic fertilizer,takin gargajiya
"Organic fertilizer (manure, compost)",takin gargajiya (takin dabbobi ko takin gargajiya)
Organic manure,takin dabbobi na gargajiya
organic matter,kwayoyin halitta
organization united,kungiyar hadin gwiwa
organization united nations,kungiyar kasashen duniya
Origins,Asalin
outcome,sakamako
Overflow,ambaliya
Overgrazing,kiwo fiye da kima
pandemic,annoba
panel,panel
panel climate,kwamitin yanayi
panel climate change,kwamitin sauyin yanayi
parametric,mai dogaro da sigogi
park,wurin shakatawa
participate,shiga / hallarta
particularly,musamman
Partners,Abokan hulɗa
parts,sassa
past,baya
past years,shekarun da suka gabata
Pasture,filin kiwo
patterns,alamu
Peanut plant,shukar gyada
per capita income,kudin shiga kowane mutum
per decade,kowace shekara goma
per hectare,kowace hectare
per year,a kowace shekara
Percentage,Kashi
percept,fahimta
perceptions climate,ra'ayoyi kan yanayi
perceptions climate change,ra'ayoyi kan sauyin yanayi
period,lokaci
Perspectives,Hanyoyi
phase,lokaci
phd thesis,karatun phd
Phenomenon,Al'amari
physical,jiki
physical science,kimiyyar abubuwa masu zahiri
physical science basis,tushen kimiyyar jiki
Phyto-sanitary treatment,maganin kare lafiyar amfanin gona
place,wuri
Plain,fili
Plane crash,haɗarin jirgin sama
plant,shuka
Plant types,nau'ikan tsirrai
planting,shuka
planting date,ranar shuka
planting dates,kwanakin shuka
Plants,Tsire-tsire
Plateau,tsauni mai faɗi
Ploughing,noma da garma
Pole (North or South),ƙolin duniya (Arewa ko Kudu)
policy,siyasa
policy research,bincike na siyasa
policy research institute,cibiyar bincike manufofin
Political leaders,Shugabannin siyasa
politics,siyasa
pollution,gurbacewa
Poor ground,ƙasa mara kyau
population growth,karuwar yawan jama'a
"Porthole, window","Porthole, taga"
possible,mai yiwuwa
potential,yuwuwar
potential evapotranspiration,yuwuwar fitar da iska
potential impacts,m tasiri
Poultry,Kaji
power,iko
practices,ayyuka
precipitation,saukowar ruwa daga sararin samaniya
precipitation change,sauyin saukowar ruwa
precipitation changes,sauye-sauyen saukowar ruwa
precipitation climatology,ilimin tsarin saukowar ruwa na dogon lokaci
precipitation data,bayanan saukowar ruwa
precipitation events,abubuwan saukowar ruwa
precipitation temperature,saukowar ruwa da zafin jiki
precipitation variability,sauye-sauyen saukowar ruwa
precipitation west africa,saukowar ruwa a Yammacin Afirka
predict,tsinkaya
pregnancy,ciki
present study,nazarin yanzu
press,danna / latsa
previous,baya
previous studies,karatun baya
Probability,yiwuwar faruwa
Probable,mai yiwuwa
proc natl acad,proc natl acad
process,tsari
"Process, stages","Tsari, matakai"
product,samfur
production,samarwa
production systems,tsarin samarwa
production west africa,samar da yammacin Afirka
Progression,ci gaba
Progressive,mai ci gaba
projected changes,canje-canjen da aka yi hasashen
projected climate,hasashen yanayi
projected climate change,hasashen sauyin yanayi
projected increase,karuwar hasashen
projection,tsinkaya
projections,tsinkaya
promote,inganta
Protected area,wuri mai kariya
Protected species,nau'in halittu masu kariya
Province,Lardi
public health,lafiyar jama'a
Puddle,kududdufi
Quantity,Yawan
Quasi-stationary,kusan a tsaye
quaternary science reviews,quaternary kimiyya reviews
Radio program / Gas emission,shirin rediyo / fitar da iskar gas
Radiosonde,na'urar radiosonde
Rain,ruwan sama
rain fall,saukar ruwan sama
Rain gauge,ma'aunin ruwan sama
Rainbow,Bakan gizo
rainfall,ruwan sama
rainfall amount,adadin ruwan sama
rainfall amounts,adadin ruwan sama
rainfall anomalies,bambancin ruwan sama daga matsakaicin al'ada
rainfall data,bayanan ruwan sama
rainfall distribution,rarrabuwar ruwan sama
Rainfall enhancement programme,Shirin haɓaka ruwan sama
rainfall events,abubuwan ruwan sama
rainfall index,ma'aunin ruwan sama
rainfall pattern,tsarin ruwan sama
rainfall patterns,tsarin ruwan sama
Rainfall radar,radar na ruwan sama
Rainfall radar picture,hoton radar na ruwan sama
rainfall regime,tsarin ruwan sama
rainfall sahel,ruwan sama a Sahel
rainfall temperature,ruwan sama da zafin jiki
rainfall time series,jerin lokutan ruwan sama
rainfall trends,alkiblar ruwan sama
rainfall variability,sauye-sauyen ruwan sama
rainfall variability west,canjin ruwan sama a yamma
rainfall west,ruwan sama a yamma
rainfall west africa,ruwan sama a Yammacin Afirka
rainfed agriculture,noman dogaro da ruwan sama
rains,ruwan sama
rainy,mai ruwan sama
rainy days,kwanakin da aka samu ruwan sama
rainy season,damina
rainy seasons,lokutan damina
Rapids (water),ruwan kogin mai saurin kwarara
Rare,ba safai ba
rate,ƙima
rcp scenario,rcp labari
Reading,Karatu
reason,dalili
recent trends,abubuwan da suka faru na baya-bayan nan
recent years,'yan shekarun nan
recharge,yi caji
record,rikodin
reduce,rage
reduction,raguwa
reference category,nau'in tunani
reference period,lokacin tunani
reflect,tunani
Reforestation,sake dasa itatuwa
regard,girmamawa
region,yanki
region ghana,yankin ghana
region west,yankin yamma
region west africa,yankin yammacin Afirka
regional climate,yanayi na yanki
regional climate change,sauyin yanayi na yanki
regional climate model,samfurin yanayi na yanki
regional climate models,samfuran yanayi na yanki
regional climate simulations,kwaikwayon yanayi na yanki
regional scale,sikelin yanki
regions,yankuna
regression,koma baya
relationship,dangantaka
relative humidity,danshin iska mai dangantaka
Religious leaders,Shugabannin addini
remote,mai nisa
remote sensing,nesa nesa
remote sensing environment,yanayi mai nisa
renewable,sabuntawa
renewable energy,makamashi mai sabuntawa
report,rahoto
report intergovernmental,rahoton tsakanin gwamnatoci
report intergovernmental panel,rahoton kwamitin sulhu na gwamnati
reported,ya ruwaito
Representative,wakili
res public health,kiwon lafiyar jama'a
research,bincike
research development,ci gaban bincike
research institute,cibiyar bincike
research letters,wasiƙun bincike
research unit,sashin bincike
Reservoir,madatsar ruwa
resilience,juriya
resolution,ƙuduri
resource,albarkatu
resource management,sarrafa albarkatun
resource use,amfani da albarkatu
resources,albarkatun
resources management,sarrafa albarkatun
response climate,martani ga yanayi
response climate change,martani ga sauyin yanayi
result,sakamako
results show,nuna sakamako
review,bita
review institute security,tsaro cibiyar nazari
Rice,shinkafa
Rice field,gonar shinkafa
risk,haɗari
risk management,gudanar da haɗari
river,kogi
River arm,reshe na kogi
river basin,kwarin kogin
river basins,kwazazzabon koguna
River bed,gadon kogi
river discharge,yawan ruwan da kogi ke fitarwa
river flow,kwarrarar kogi
river flows,kwarrarar koguna
Riverbank,gabar kogi
root tuber crops,tushen tuber amfanin gona
royal meteorological,ilimin yanayi na Masarauta
royal meteorological society,Ƙungiyar Ilimin Yanayi ta Masarauta
rules use articles,dokokin amfani da articles
runoff,gangara ta ruwa
rural areas,yankunan karkara
rural development,ci gaban karkara
safety,aminci
saharan africa,sahara africa
sahel,sahel
Sahel (region),Sahel (yanki)
sahel rainfall,ruwan sama a Sahel
sahel region,yankin Sahel
sahelian,na yankin Sahel
sahelian zone,yankin Sahel
Sanction,Takunkumi
Sand,Yashi
Sand dunes,tuddan yashi
Satellite (weather),tauraron ɗan adam na yanayi
Saturday,Asabar
Savanna,filin savanna
Savings,Adana
scale,ma'auni
Scattered,watse-watse
Scattered (cloud),girgije watse-watse
scenarios,al'amuran
science,kimiyya
science basis,tushen kimiyya
science basis contribution,gudunmawar tushen kimiyya
science technology,fasahar kimiyya
Scientific studies,Nazarin kimiyya
sea,teku
sea level,matakin teku
sea level rise,hauhawar matakin teku
sea surface,farfajiyar teku
sea surface temperature,zafin saman teku
sea surface temperatures,zafin saman teku
search,bincika
season,lokaci
seasonal,yanayi
seasonal cycle,zagayowar yanayi
Seasonal prediction,hasashen kakar yanayi
seasonal rainfall,ruwan sama na kakar
seasonal variability,canjin yanayi
seasons,yanayi
second,na biyu
section,sashe
security,tsaro
security implications climate,yanayin yanayin tsaro
security review institute,cibiyar nazarin tsaro
Seed,iri
Seeding,shuka iri
Seeds,iri
Selection,Zabi
semi arid,yankin da keda karancin ruwa
Semi-circular holes (technique allowing them to keep moisture in the ground for longer),ramukan rabin da'ira don riƙe danshi a ƙasa
semiarid regions,yankuna masu ruwa da tsaki
sense,hankali
sensitive,mai saurin jin tasiri
Sensitive area,yanki mai muhimmanci
september,Satumba
series,jerin
set,saita
several,da yawa
several studies,karatu da yawa
"Shadow, shade","Inuwa, inuwa"
shift,motsi
short,gajere
Short crops,gajerun tsirran amfanin gona
Short growth period,gajeren lokacin girma
short rains,gajeren lokacin ruwan sama
Short-lived,na ɗan gajeren lokaci
showed,ya nuna
Shower,ruwan sama na ɗan lokaci
Showery- thundery outbreak,ruwan sama mai tsawa
sierra leone,sirrin leone
significant,mahimmanci
significantly,muhimmanci
Signification,ma'ana
Similar,makamantansu
Sky,Sama
Slow-motion,motsi a hankali
Sluice gates,ƙofofin sarrafa ruwa
smallholder farmers,ƙananan manoma
smart,mai hankali
Smell,Kamshi
Snow,dusar ƙanƙara
social,zamantakewa
social capital,jarin zamantakewa
social economic,zamantakewa tattalin arziki
society,al'umma
society int climatol,al'umma int climatol
software,software
soil,ƙasa
soil fertility,ingancin ƙasa
soil fertility management,kula da ingancin ƙasa
soil moisture,danshi na ƙasa
soil water,ruwan cikin ƙasa
soil water assessment,kima ruwan kasa
solar,hasken rana
solar radiation,hasken rana
solution,mafita
Sorghum,dawa
sorghum millet,gero dawa
source,tushe
South,Kudu
south africa,Afirka ta Kudu
south atlantic,kudancin Atlantika
southern,na kudu
southern africa,kudancin Afirka
southern mali,kudancin mali
southern oscillation,kudancin oscillation
spatial,sarari
spatial distribution,rarraba sararin samaniya
spatial patterns,tsarin sararin samaniya
spatial resolution,ƙudurin sararin samaniya
spatial temporal,na sarari na ɗan lokaci
spatial variability,bambancin sararin samaniya
special report,rahoto na musamman
Species,nau'in halittu
Sporadic (cloud),girgije na lokaci-lokaci
Sporadic rain,ruwan sama na lokaci-lokaci
Spring,bazara
Squall line,layin guguwar iska da ruwan sama
sst(sea surface temperature ) anomalies,bambancin zafin saman teku daga al'ada
Stability,Kwanciyar hankali
stage,mataki
stakeholder,mai ruwa da tsaki
standard deviation,daidaitattun sabawa
Standing water,ruwan tsaye
Star,Tauraro
Stars,Taurari
start,fara
Start (season),farkon kakar yanayi
Start of a season,farkon kakar yanayi
state,jihar
"State (liquid, solid or gaseous)","hali (ruwa, daskararre ko gas)"
Stationary,a tsaye
statistical,kididdiga
statistically significant,mahimmancin ƙididdiga
status,matsayi
step,mataki
Stevenson screen,akwatin Stevenson
still,har yanzu
Stocks,ajiyar kaya
storm,hadari
Storm cloud,gajimaren hadari
strategies,dabarun
strategies climate change,dabarun fuskantar sauyin yanayi
strategy,dabarun
Straying Animal,Batattu Dabba
stress,damuwa
strong,mai karfi
Strong (wind),iska mai ƙarfi
study,karatu
study area,yankin karatu
study period,lokacin karatu
sub saharan africa,africa sub sahara
subsaharan,subsaharar
subsaharan africa,Afirka ta Kudu da Sahara
Subsistence crop,amfanin gona na dogaro da kai
success,nasara
Sudanian,Sundaniyya
sudanian zone,yankin sudan
Summer,lokacin rani
summer monsoon,iskar damina ta lokacin rani
summer rainfall,ruwan sama na lokacin rani
Sun,Rana
Sunday,Lahadi
Sunny,mai rana
support,goyon baya
surface,farfajiya
surface air temperature,zafin iskar saman ƙasa
surface runoff,ruwan sama
surface temperature,yanayin zafi
surface temperatures,zafin saman ƙasa
surface water,ruwan saman ƙasa
Surplus,rarar yawa
Surplus trend,alkiblar sama da al'ada
Surrounding area,Wurin da ke kewaye
sustain,kiyaye
sustainability,dorewa
sustainable,mai dorewa
sustainable development,ci gaba mai dorewa
Sweetcorn,masara mai zaƙi
Synoptic station,tashar synoptic ta lura da yanayi
system,tsarin
systems,tsarin
Take cutting (plant),ɗaukar reshen shuka don dasawa
Take off,A tashi
Tall crops,dogayen tsirran amfanin gona
"Technician, skilled worker","Mai fasaha, ƙwararren ma'aikaci"
technology,fasaha
temperature,zafin jiki
temperature anomalies,bambancin zafin jiki daga matsakaicin al'ada
temperature change,sauyin zafin jiki
temperature increase,ƙaruwar zafin jiki
temperature precipitation,yanayin zafi
temperature rainfall,zafin jiki da ruwan sama
temperature variability,sauye-sauyen zafin jiki
Ten day period,Lokacin kwana goma
Ten-day forecast,hasashen kwanaki goma
Tercile,kashi na uku
term,Wa'adi
Termite,gara
Termite mound,tudun gara
terms conditions,sharuddan sharudda
Territory,Yanki
test.,gwadawa.
The norm,Al'ada
theory,ka'idar
Thermometer,ma'aunin zafi
third assessment report,rahoton kima na uku
three,uku
Thunder,tsawa
Thursday,Alhamis
time,lokaci
time scale,ma'aunin lokaci
time scales,lokacin ma'auni
time series,jerin lokaci
time step,lokaci mataki
To be able to,Don iya
To collapse,Don rugujewa
To control,Don sarrafawa
To figure out,Don gane
To fly over,Don tashi sama
To indicate,Don nuna
To isolate,Don ware
To measure,Don aunawa
To observe,Don lura
To present,Don gabatarwa
To water,shayar da ruwa
Toad,kwaɗo
Tools,Kayan aiki
Tornado,guguwar tornado
Torrential downpour,ruwan sama kamar da bakin ƙwarya
Total,Jimlar
total rainfall,jimillar ruwan sama
Total rainfall (over a period of time),jimillar ruwan sama a wani lokaci
tourism,yawon bude ido
Town,Gari
"Town, village","Gari, kauye"
Traces of precipitation,alamun saukowar ruwa
Trade winds,iskokin ciniki
tradition,al'ada
Traditional leaders,Shugabannin gargajiya
transit,wucewa
transport,sufuri
trend analysis,binciken yanayin tafiyar al'amura
trends,alkibla
Tricky,Dabara
tropical,na wurare masu zafi
tropical atlantic,na wurare masu zafi Atlantika
Tropical cyclone,guguwar wurare masu zafi
Tropics,wurare masu zafi
Tsunami,Tsunami
Tuesday,Talata
twentieth century,karni na ashirin
two,biyu
uncertainty,rashin tabbas
united kingdom,United Kingdom
united nations,kasashen duniya
united states,kasar Amurka
university press,jaridun jami'a
university press cambridge,jami'ar press cambridge
Unlimited,mara iyaka
Update,Sabuntawa
upper east,babba gabas
upper east region,yankin gabas na sama
Upstream,sama da kogin
urban areas,yankunan birni
Use,Amfani
use change,amfani da canji
used study,amfani da karatu
Valley,Kwarin
value,daraja
van der linden,van linden
Vapour,Tururi
variability,canzawa
variability climate,sauye-sauyen yanayi
variability climate change,sauye-sauyen yanayi da sauyin yanayi
variability crop,yawan amfanin gona
variability precipitation,sauye-sauyen saukowar ruwa
variability rainfall,sauye-sauyen ruwan sama
variability resource use,sauye-sauyen albarkatun amfani
variability west,sauye-sauyen yamma
variability west africa,sauye-sauyen yammacin Afirka
variability west african,sauye-sauyen yammacin Afirka
variation,sauyi
variations,bambancin
varieties,iri
various,daban-daban
vegetation,ciyayi
vegetation cover,murfin ciyayi
Vegetation cover ratio,rabin murfin ciyayi
vegetation dynamics,sauye-sauyen ciyayi
vegetation productivity,yawan amfanin ciyayi
Velocity,gudu
Very,Sosai
Vicinity,Kusa da
view,kallo
Vigilance,Fadakarwa
Village,Kauye
Visibility,nisan gani
Visibility impairment,raguwar nisan gani
Visible,abin da ake iya gani
visual,na gani
Volcano,dutsen mai aman wuta
volta basin,kwarin Volta
volta basin west,volta basin yamma
volta river,Kogin Volta
volta river basin,kwarin Kogin Volta
volume,girma
vulnerability,raunin fuskantar illa
vulnerability adaptation,raunin fuskantar illa da daidaitawa
vulnerability climate change,raunin fuskantar illar sauyin yanayi
vulnerability contribution working,gudunmawar ƙungiyar aiki kan raunin fuskantar illa
wana region,yankin wana
warm rain,ruwan sama mai ɗumi
warming,dumama
water,ruwa
water assessment tool,kayan aikin tantance ruwa
water availability,samuwar ruwa
water balance,daidaiton ruwa
water content,adadin ruwa
water cycle,zagayowar ruwa
water demand,buƙatar ruwa
Water flow,kwarrarar ruwa
Water flowing,ruwa yana kwarara
water management,sarrafa ruwa
water quality,ingancin ruwa
water resource,albarkatun ruwa
water resource management,sarrafa albarkatun ruwa
water resources,albarkatun ruwa
water resources management,sarrafa albarkatun ruwa
water scarcity,ƙarancin ruwa
water storage,ajiyar ruwa
water stress,matsin ƙarancin ruwa
water supply,samar da ruwa
water table,matakin ruwan ƙarƙashin ƙasa
water use,amfani da ruwa
Waterfalls,faɗuwar ruwa
Waves,raƙuman ruwa
weather,yanayi
weather data,bayanan yanayi
weather events,abubuwan yanayi
Weather station,tashar lura da yanayi
Wednesday,Laraba
Weeding,cire ciyawa
Week,Mako
Weekly,mako-mako
weight,nauyi
Well,rijiya
West,Yamma
west africa,Afirka ta yamma
west africa climate,yanayin Yammacin Afirka
west african,yammacin Afirka
west african climate,yanayin Yammacin Afirka
west african countries,kasashen yammacin Afirka
west african monsoon,iskar damina ta Yammacin Afirka
west african rainfall,ruwan sama na Yammacin Afirka
west african region,yankin yammacin Afirka
west african sahel,yammacin Afirka sahel
west asia,yammacin Asiya
west asia north,yammacin Asiya arewa
west central,yammacin tsakiya
west central africa,yammacin Afrika ta tsakiya
western,yamma
western africa,yammacin Afirka
western mediterranean,yammacin Mediterranean
western part,bangaren yamma
western sahel,Yammacin Sahel
wet,jika
wet days,kwanaki jika
wet dry,bushe bushe
wet dry years,bushe bushe shekaru
wet season,lokacin damina
wet years,shekaru jika
Whirlwind,guguwar ƙura
white volta basin,kwarin White Volta
wide,fadi
wide range,fadi da kewayon
wiley online,wiley online
wiley online library,wiley online library
wind,iska
Wind incursion,shigowar iska
wind speed,gudun iska
With ups and downs,Tare da sama da ƙasa
without,ba tare da
working group,kungiyar aiki
working group fourth,rukunin aiki na hudu
working paper,takarda aiki
world,duniya
world bank,bankin duniya
world bank washington,bankin duniya washington
year period,lokacin shekara
yield,yawan amfanin gona
yield change,sauyin yawan amfanin gona
yield potential,yuwuwar yawan amfanin gona
yield potential traits,halayen yuwuwar yawan amfanin gona
yield response,martanin yawan amfanin gona
yield variability,sauye-sauyen yawan amfanin gona
yields,yawan amfanin ƙasa
york usa,york usa
Zaï (farming technique),dabarar noma ta Zaï
zonal wind,iska mai tafiya gabas zuwa yamma
zone,yankin
zones,yankuna
